count,tweets
0,신속항원검사키트 제공 에스디바이오센서 137310 https t co cQhJ3PshD0
1,RT happy_CSR_ 문재인 대통령님 코로나19 자가검사키트 생산 업체 에스디바이오센서 오송 공장을 방문해 연휴에도 근무 중인 현장 근무자들을 격려 이번 오미크론 변이 대응의 핵심은 첫째는 검사체계를 전환하는 것이고 두 번째는 의료체계
2,RT happy_CSR_ 문재인 대통령님 코로나19 자가검사키트 생산 업체 에스디바이오센서 오송 공장을 방문해 연휴에도 근무 중인 현장 근무자들을 격려 이번 오미크론 변이 대응의 핵심은 첫째는 검사체계를 전환하는 것이고 두 번째는 의료체계
3,RT happy_CSR_ 문재인 대통령님 코로나19 자가검사키트 생산 업체 에스디바이오센서 오송 공장을 방문해 연휴에도 근무 중인 현장 근무자들을 격려 이번 오미크론 변이 대응의 핵심은 첫째는 검사체계를 전환하는 것이고 두 번째는 의료체계
4,RT happy_CSR_ 문재인 대통령 그동안 정확도가 PCR 검사보다 떨어진다고 알려져 있었는데 지금은 정확도가 어느 정도인지 정확하게 알려줄 수 있는가 조영식 에스디바이오센서 전무 국립보건연구원에서 미국에 자체 의뢰해 11개 제품
5,RT happy_CSR_ 문재인 대통령님 코로나19 자가검사키트 생산 업체 에스디바이오센서 오송 공장을 방문해 연휴에도 근무 중인 현장 근무자들을 격려 이번 오미크론 변이 대응의 핵심은 첫째는 검사체계를 전환하는 것이고 두 번째는 의료체계
6,에스디바이오센서가 합류한 미래기술 백금 기반 연속혈당측정기’ https t co AfGi5YnGKo
7,시총 100대기업 에스디바이오센서 상한가 급등 시가총액 8조원 돌파 https t co AiZf1nyzbt
8,Xinews 진단제품 실용신안 놓고 맞붙은 에스디바이오센서 래피젠 https t co xjS9bk0ky4
9,시총 100대기업 에스디바이오센서 상한가 급등 시가총액 8조원 돌파 https t co AiZf1nyzbt
10,애플카 대성파인텍 모아텍 현우산업 석유 중앙에너비스 한국석유 극동유화 신규주 LG에너지솔루션 오토앤 진단키트 경남제약 휴마시스 에스디바이오센서
11,에스디바이오센서 스탠다드큐 코로나 19 항원 자가검사 테스트기 COVID 19 Ag Home Test 09COV130 1개 https t co ugiCRYXHty 파트너스 활동으로 수수료를 받을수 있어 https t co 9fhTZP6grv
12,RT happy_CSR_ 문재인 대통령 그동안 정확도가 PCR 검사보다 떨어진다고 알려져 있었는데 지금은 정확도가 어느 정도인지 정확하게 알려줄 수 있는가 조영식 에스디바이오센서 전무 국립보건연구원에서 미국에 자체 의뢰해 11개 제품
13,RT happy_CSR_ 문재인 대통령님 코로나19 자가검사키트 생산 업체 에스디바이오센서 오송 공장을 방문해 연휴에도 근무 중인 현장 근무자들을 격려 이번 오미크론 변이 대응의 핵심은 첫째는 검사체계를 전환하는 것이고 두 번째는 의료체계
14,RT yeouidopeople 여의도사람들 2월 3일 마감브리핑 금일 양시장 모두 상승마감했습니다 휴마시스 에스디바이오센서 일동제약등 치료제와 진단키트 관련주들이 초강세를 보인 하루였습니다 지수 반등으로 그동안 낙폭이 과했던 대형주들
15,여의도사람들 2월 3일 마감브리핑 금일 양시장 모두 상승마감했습니다 휴마시스 에스디바이오센서 일동제약등 치료제와 진단키트 관련주들이 초강세를 보인 하루였습니다 지수 반등으로 그동안 낙폭이 과했던 대형주들도 일부 반등하는 흐름이었습니다
16,현재 검사키트로 공식 허가된 제품은 에스디바이오센서의 STANDARD™ Q COVID 19 Ag Home Test 휴마시스의 휴마시스 코비드 19 홈 테스트’ 래피젠의 BIOCREDIT COVID https t co SQ2eGLonvq
17,에스디바이오센서 불성실공시법인 지정 사유가 된 소송 https t co oQv6wrT1mT
18,에스디바이오센서 너무 화가나요 아무리 내가 적금식으로 사 모은 주식이라고 팔고 나서 상한가 가는게 어딨어
19,진단키트주들은 단순 테마주라기보다는 휴마시스 에스디바이오센서 엑세스바이오등 테마성으로 상승하는 것도있지만 실적주로 보셔야합니다
20,RT pt502 이시각 주요뉴스 10시 1 신규확진 2만2 907명 오미크론 확산에 이틀째 2만명대 2 에스디바이오센서 코로나19 자가진단 키트 미국서 리콜 3 LG에너지솔루션 사흘만에 반등 시도
21,이시각 주요뉴스 10시 1 신규확진 2만2 907명 오미크론 확산에 이틀째 2만명대 2 에스디바이오센서 코로나19 자가진단 키트 미국서 리콜 3 LG에너지솔루션 사흘만에 반등 시도
22,Xinews 신한 의료기기 원재희 이동건 에스디바이오센서 https t co Hoc7RR2MfI
23,에스디바이오센서 스탠다드큐 코로나 19 항원 자가검사 테스트기 COVID 19 Ag Home Test 09COV130 30개 https t co pKdVZ6LKDz 파트너스 활동으로 수수료를 받을수 있 https t co 3GAwF1ZbuB
24,RT happy_CSR_ 문재인 대통령님 코로나19 자가검사키트 생산 업체 에스디바이오센서 오송 공장을 방문해 연휴에도 근무 중인 현장 근무자들을 격려 이번 오미크론 변이 대응의 핵심은 첫째는 검사체계를 전환하는 것이고 두 번째는 의료체계
25,RT rapportianews 약국에서 직접 자가검사키트를 구매해 검사를 해도 되나 식약처가 품목허가해 약국에서 구매할 수 있는 제품은 ▲래피젠 BIOCREDIT COVID 19 Ag Home Test Nasal ▲에스디바이오센서 STAND
26,RT SageCaelitus 오는 29일부터 선별진료소에서 자가검사키트 신속항원검사 가 코로나19 COVID 19 검사에 쓰인다 결과는 방역패스 인정 현재 식품의약품안전처에서 정식 허가를 받아 국내 유통되는 신속항원검사 방식 자가검
27,RT happy_CSR_ 문재인 대통령님 코로나19 자가검사키트 생산 업체 에스디바이오센서 오송 공장을 방문해 연휴에도 근무 중인 현장 근무자들을 격려 이번 오미크론 변이 대응의 핵심은 첫째는 검사체계를 전환하는 것이고 두 번째는 의료체계
28,RT happy_CSR_ 문재인 대통령님 코로나19 자가검사키트 생산 업체 에스디바이오센서 오송 공장을 방문해 연휴에도 근무 중인 현장 근무자들을 격려 이번 오미크론 변이 대응의 핵심은 첫째는 검사체계를 전환하는 것이고 두 번째는 의료체계
29,나머지 종목들의 설명은 경남제약 설명한것과 동일한데 후자의 방식을 선호한다는 가정하에 올렸습니다 에스디바이오센서입니다 https t co L3SrCxDoZY
30,RT happy_CSR_ 문재인 대통령 그동안 정확도가 PCR 검사보다 떨어진다고 알려져 있었는데 지금은 정확도가 어느 정도인지 정확하게 알려줄 수 있는가 조영식 에스디바이오센서 전무 국립보건연구원에서 미국에 자체 의뢰해 11개 제품
31,RT happy_CSR_ 문재인 대통령 그동안 정확도가 PCR 검사보다 떨어진다고 알려져 있었는데 지금은 정확도가 어느 정도인지 정확하게 알려줄 수 있는가 조영식 에스디바이오센서 전무 국립보건연구원에서 미국에 자체 의뢰해 11개 제품
32,RT happy_CSR_ 문재인 대통령님 코로나19 자가검사키트 생산 업체 에스디바이오센서 오송 공장을 방문해 연휴에도 근무 중인 현장 근무자들을 격려 이번 오미크론 변이 대응의 핵심은 첫째는 검사체계를 전환하는 것이고 두 번째는 의료체계
33,RT happy_CSR_ 문재인 대통령 그동안 정확도가 PCR 검사보다 떨어진다고 알려져 있었는데 지금은 정확도가 어느 정도인지 정확하게 알려줄 수 있는가 조영식 에스디바이오센서 전무 국립보건연구원에서 미국에 자체 의뢰해 11개 제품
34,RT happy_CSR_ 문재인 대통령 그동안 정확도가 PCR 검사보다 떨어진다고 알려져 있었는데 지금은 정확도가 어느 정도인지 정확하게 알려줄 수 있는가 조영식 에스디바이오센서 전무 국립보건연구원에서 미국에 자체 의뢰해 11개 제품
35,RT happy_CSR_ 문재인 대통령님 코로나19 자가검사키트 생산 업체 에스디바이오센서 오송 공장을 방문해 연휴에도 근무 중인 현장 근무자들을 격려 이번 오미크론 변이 대응의 핵심은 첫째는 검사체계를 전환하는 것이고 두 번째는 의료체계
36,RT happy_CSR_ 문재인 대통령님 코로나19 자가검사키트 생산 업체 에스디바이오센서 오송 공장을 방문해 연휴에도 근무 중인 현장 근무자들을 격려 이번 오미크론 변이 대응의 핵심은 첫째는 검사체계를 전환하는 것이고 두 번째는 의료체계
37,에스디바이오센서 현재 주주명부 한번 보고 싶음 ㅎㅎㅎ
38,RT happy_CSR_ 문재인 대통령님 코로나19 자가검사키트 생산 업체 에스디바이오센서 오송 공장을 방문해 연휴에도 근무 중인 현장 근무자들을 격려 이번 오미크론 변이 대응의 핵심은 첫째는 검사체계를 전환하는 것이고 두 번째는 의료체계
39,RT happy_CSR_ 문재인 대통령 그동안 정확도가 PCR 검사보다 떨어진다고 알려져 있었는데 지금은 정확도가 어느 정도인지 정확하게 알려줄 수 있는가 조영식 에스디바이오센서 전무 국립보건연구원에서 미국에 자체 의뢰해 11개 제품
40,RT happy_CSR_ 문재인 대통령님 코로나19 자가검사키트 생산 업체 에스디바이오센서 오송 공장을 방문해 연휴에도 근무 중인 현장 근무자들을 격려 이번 오미크론 변이 대응의 핵심은 첫째는 검사체계를 전환하는 것이고 두 번째는 의료체계
41,RT happy_CSR_ 문재인 대통령님 코로나19 자가검사키트 생산 업체 에스디바이오센서 오송 공장을 방문해 연휴에도 근무 중인 현장 근무자들을 격려 이번 오미크론 변이 대응의 핵심은 첫째는 검사체계를 전환하는 것이고 두 번째는 의료체계
42,RT happy_CSR_ 문재인 대통령님 코로나19 자가검사키트 생산 업체 에스디바이오센서 오송 공장을 방문해 연휴에도 근무 중인 현장 근무자들을 격려 이번 오미크론 변이 대응의 핵심은 첫째는 검사체계를 전환하는 것이고 두 번째는 의료체계
43,RT happy_CSR_ 문재인 대통령님 코로나19 자가검사키트 생산 업체 에스디바이오센서 오송 공장을 방문해 연휴에도 근무 중인 현장 근무자들을 격려 이번 오미크론 변이 대응의 핵심은 첫째는 검사체계를 전환하는 것이고 두 번째는 의료체계
44,RT happy_CSR_ 문재인 대통령님 코로나19 자가검사키트 생산 업체 에스디바이오센서 오송 공장을 방문해 연휴에도 근무 중인 현장 근무자들을 격려 이번 오미크론 변이 대응의 핵심은 첫째는 검사체계를 전환하는 것이고 두 번째는 의료체계
45,RT happy_CSR_ 문재인 대통령님 코로나19 자가검사키트 생산 업체 에스디바이오센서 오송 공장을 방문해 연휴에도 근무 중인 현장 근무자들을 격려 이번 오미크론 변이 대응의 핵심은 첫째는 검사체계를 전환하는 것이고 두 번째는 의료체계
46,RT happy_CSR_ 문재인 대통령님 코로나19 자가검사키트 생산 업체 에스디바이오센서 오송 공장을 방문해 연휴에도 근무 중인 현장 근무자들을 격려 이번 오미크론 변이 대응의 핵심은 첫째는 검사체계를 전환하는 것이고 두 번째는 의료체계
47,RT happy_CSR_ 문재인 대통령 그동안 정확도가 PCR 검사보다 떨어진다고 알려져 있었는데 지금은 정확도가 어느 정도인지 정확하게 알려줄 수 있는가 조영식 에스디바이오센서 전무 국립보건연구원에서 미국에 자체 의뢰해 11개 제품
48,RT happy_CSR_ 문재인 대통령님 코로나19 자가검사키트 생산 업체 에스디바이오센서 오송 공장을 방문해 연휴에도 근무 중인 현장 근무자들을 격려 이번 오미크론 변이 대응의 핵심은 첫째는 검사체계를 전환하는 것이고 두 번째는 의료체계
49,RT happy_CSR_ 문재인 대통령 그동안 정확도가 PCR 검사보다 떨어진다고 알려져 있었는데 지금은 정확도가 어느 정도인지 정확하게 알려줄 수 있는가 조영식 에스디바이오센서 전무 국립보건연구원에서 미국에 자체 의뢰해 11개 제품
50,RT happy_CSR_ 문재인 대통령님 코로나19 자가검사키트 생산 업체 에스디바이오센서 오송 공장을 방문해 연휴에도 근무 중인 현장 근무자들을 격려 이번 오미크론 변이 대응의 핵심은 첫째는 검사체계를 전환하는 것이고 두 번째는 의료체계
51,RT happy_CSR_ 문재인 대통령님 코로나19 자가검사키트 생산 업체 에스디바이오센서 오송 공장을 방문해 연휴에도 근무 중인 현장 근무자들을 격려 이번 오미크론 변이 대응의 핵심은 첫째는 검사체계를 전환하는 것이고 두 번째는 의료체계
52,RT happy_CSR_ 문재인 대통령님 코로나19 자가검사키트 생산 업체 에스디바이오센서 오송 공장을 방문해 연휴에도 근무 중인 현장 근무자들을 격려 이번 오미크론 변이 대응의 핵심은 첫째는 검사체계를 전환하는 것이고 두 번째는 의료체계
53,RT happy_CSR_ 문재인 대통령님 코로나19 자가검사키트 생산 업체 에스디바이오센서 오송 공장을 방문해 연휴에도 근무 중인 현장 근무자들을 격려 이번 오미크론 변이 대응의 핵심은 첫째는 검사체계를 전환하는 것이고 두 번째는 의료체계
54,RT happy_CSR_ 문재인 대통령님 코로나19 자가검사키트 생산 업체 에스디바이오센서 오송 공장을 방문해 연휴에도 근무 중인 현장 근무자들을 격려 이번 오미크론 변이 대응의 핵심은 첫째는 검사체계를 전환하는 것이고 두 번째는 의료체계
55,RT happy_CSR_ 문재인 대통령님 코로나19 자가검사키트 생산 업체 에스디바이오센서 오송 공장을 방문해 연휴에도 근무 중인 현장 근무자들을 격려 이번 오미크론 변이 대응의 핵심은 첫째는 검사체계를 전환하는 것이고 두 번째는 의료체계
56,약국에서 직접 자가검사키트를 구매해 검사를 해도 되나 식약처가 품목허가해 약국에서 구매할 수 있는 제품은 ▲래피젠 BIOCREDIT COVID 19 Ag Home Test Nasal ▲에스디바이오센서 https t co QoDf6P0VZw
57,RT happy_CSR_ 문재인 대통령 그동안 정확도가 PCR 검사보다 떨어진다고 알려져 있었는데 지금은 정확도가 어느 정도인지 정확하게 알려줄 수 있는가 조영식 에스디바이오센서 전무 국립보건연구원에서 미국에 자체 의뢰해 11개 제품
58,RT happy_CSR_ 문재인 대통령님 코로나19 자가검사키트 생산 업체 에스디바이오센서 오송 공장을 방문해 연휴에도 근무 중인 현장 근무자들을 격려 이번 오미크론 변이 대응의 핵심은 첫째는 검사체계를 전환하는 것이고 두 번째는 의료체계
59,RT happy_CSR_ 문재인 대통령님 코로나19 자가검사키트 생산 업체 에스디바이오센서 오송 공장을 방문해 연휴에도 근무 중인 현장 근무자들을 격려 이번 오미크론 변이 대응의 핵심은 첫째는 검사체계를 전환하는 것이고 두 번째는 의료체계
60,RT happy_CSR_ 문재인 대통령님 코로나19 자가검사키트 생산 업체 에스디바이오센서 오송 공장을 방문해 연휴에도 근무 중인 현장 근무자들을 격려 이번 오미크론 변이 대응의 핵심은 첫째는 검사체계를 전환하는 것이고 두 번째는 의료체계
61,RT happy_CSR_ 문재인 대통령 그동안 정확도가 PCR 검사보다 떨어진다고 알려져 있었는데 지금은 정확도가 어느 정도인지 정확하게 알려줄 수 있는가 조영식 에스디바이오센서 전무 국립보건연구원에서 미국에 자체 의뢰해 11개 제품
62,RT happy_CSR_ 문재인 대통령님 코로나19 자가검사키트 생산 업체 에스디바이오센서 오송 공장을 방문해 연휴에도 근무 중인 현장 근무자들을 격려 이번 오미크론 변이 대응의 핵심은 첫째는 검사체계를 전환하는 것이고 두 번째는 의료체계
63,RT happy_CSR_ 문재인 대통령님 코로나19 자가검사키트 생산 업체 에스디바이오센서 오송 공장을 방문해 연휴에도 근무 중인 현장 근무자들을 격려 이번 오미크론 변이 대응의 핵심은 첫째는 검사체계를 전환하는 것이고 두 번째는 의료체계
64,RT happy_CSR_ 문재인 대통령님 코로나19 자가검사키트 생산 업체 에스디바이오센서 오송 공장을 방문해 연휴에도 근무 중인 현장 근무자들을 격려 이번 오미크론 변이 대응의 핵심은 첫째는 검사체계를 전환하는 것이고 두 번째는 의료체계
65,RT happy_CSR_ 문재인 대통령 그동안 정확도가 PCR 검사보다 떨어진다고 알려져 있었는데 지금은 정확도가 어느 정도인지 정확하게 알려줄 수 있는가 조영식 에스디바이오센서 전무 국립보건연구원에서 미국에 자체 의뢰해 11개 제품
66,RT happy_CSR_ 문재인 대통령님 코로나19 자가검사키트 생산 업체 에스디바이오센서 오송 공장을 방문해 연휴에도 근무 중인 현장 근무자들을 격려 이번 오미크론 변이 대응의 핵심은 첫째는 검사체계를 전환하는 것이고 두 번째는 의료체계
67,RT happy_CSR_ 문재인 대통령님 코로나19 자가검사키트 생산 업체 에스디바이오센서 오송 공장을 방문해 연휴에도 근무 중인 현장 근무자들을 격려 이번 오미크론 변이 대응의 핵심은 첫째는 검사체계를 전환하는 것이고 두 번째는 의료체계
68,RT happy_CSR_ 문재인 대통령님 코로나19 자가검사키트 생산 업체 에스디바이오센서 오송 공장을 방문해 연휴에도 근무 중인 현장 근무자들을 격려 이번 오미크론 변이 대응의 핵심은 첫째는 검사체계를 전환하는 것이고 두 번째는 의료체계
69,RT happy_CSR_ 문재인 대통령님 코로나19 자가검사키트 생산 업체 에스디바이오센서 오송 공장을 방문해 연휴에도 근무 중인 현장 근무자들을 격려 이번 오미크론 변이 대응의 핵심은 첫째는 검사체계를 전환하는 것이고 두 번째는 의료체계
70,RT happy_CSR_ 문재인 대통령님 코로나19 자가검사키트 생산 업체 에스디바이오센서 오송 공장을 방문해 연휴에도 근무 중인 현장 근무자들을 격려 이번 오미크론 변이 대응의 핵심은 첫째는 검사체계를 전환하는 것이고 두 번째는 의료체계
71,RT happy_CSR_ 문재인 대통령 그동안 정확도가 PCR 검사보다 떨어진다고 알려져 있었는데 지금은 정확도가 어느 정도인지 정확하게 알려줄 수 있는가 조영식 에스디바이오센서 전무 국립보건연구원에서 미국에 자체 의뢰해 11개 제품
72,RT happy_CSR_ 문재인 대통령님 코로나19 자가검사키트 생산 업체 에스디바이오센서 오송 공장을 방문해 연휴에도 근무 중인 현장 근무자들을 격려 이번 오미크론 변이 대응의 핵심은 첫째는 검사체계를 전환하는 것이고 두 번째는 의료체계
73,RT happy_CSR_ 문재인 대통령님 코로나19 자가검사키트 생산 업체 에스디바이오센서 오송 공장을 방문해 연휴에도 근무 중인 현장 근무자들을 격려 이번 오미크론 변이 대응의 핵심은 첫째는 검사체계를 전환하는 것이고 두 번째는 의료체계
74,RT happy_CSR_ 문재인 대통령님 코로나19 자가검사키트 생산 업체 에스디바이오센서 오송 공장을 방문해 연휴에도 근무 중인 현장 근무자들을 격려 이번 오미크론 변이 대응의 핵심은 첫째는 검사체계를 전환하는 것이고 두 번째는 의료체계
75,RT happy_CSR_ 문재인 대통령 그동안 정확도가 PCR 검사보다 떨어진다고 알려져 있었는데 지금은 정확도가 어느 정도인지 정확하게 알려줄 수 있는가 조영식 에스디바이오센서 전무 국립보건연구원에서 미국에 자체 의뢰해 11개 제품
76,RT happy_CSR_ 문재인 대통령님 코로나19 자가검사키트 생산 업체 에스디바이오센서 오송 공장을 방문해 연휴에도 근무 중인 현장 근무자들을 격려 이번 오미크론 변이 대응의 핵심은 첫째는 검사체계를 전환하는 것이고 두 번째는 의료체계
77,RT happy_CSR_ 문재인 대통령님 코로나19 자가검사키트 생산 업체 에스디바이오센서 오송 공장을 방문해 연휴에도 근무 중인 현장 근무자들을 격려 이번 오미크론 변이 대응의 핵심은 첫째는 검사체계를 전환하는 것이고 두 번째는 의료체계
78,RT happy_CSR_ 문재인 대통령 그동안 정확도가 PCR 검사보다 떨어진다고 알려져 있었는데 지금은 정확도가 어느 정도인지 정확하게 알려줄 수 있는가 조영식 에스디바이오센서 전무 국립보건연구원에서 미국에 자체 의뢰해 11개 제품
79,RT happy_CSR_ 문재인 대통령님 코로나19 자가검사키트 생산 업체 에스디바이오센서 오송 공장을 방문해 연휴에도 근무 중인 현장 근무자들을 격려 이번 오미크론 변이 대응의 핵심은 첫째는 검사체계를 전환하는 것이고 두 번째는 의료체계
80,RT happy_CSR_ 문재인 대통령님 코로나19 자가검사키트 생산 업체 에스디바이오센서 오송 공장을 방문해 연휴에도 근무 중인 현장 근무자들을 격려 이번 오미크론 변이 대응의 핵심은 첫째는 검사체계를 전환하는 것이고 두 번째는 의료체계
81,RT happy_CSR_ 문재인 대통령 그동안 정확도가 PCR 검사보다 떨어진다고 알려져 있었는데 지금은 정확도가 어느 정도인지 정확하게 알려줄 수 있는가 조영식 에스디바이오센서 전무 국립보건연구원에서 미국에 자체 의뢰해 11개 제품
82,RT happy_CSR_ 문재인 대통령님 코로나19 자가검사키트 생산 업체 에스디바이오센서 오송 공장을 방문해 연휴에도 근무 중인 현장 근무자들을 격려 이번 오미크론 변이 대응의 핵심은 첫째는 검사체계를 전환하는 것이고 두 번째는 의료체계
83,RT happy_CSR_ 문재인 대통령님 코로나19 자가검사키트 생산 업체 에스디바이오센서 오송 공장을 방문해 연휴에도 근무 중인 현장 근무자들을 격려 이번 오미크론 변이 대응의 핵심은 첫째는 검사체계를 전환하는 것이고 두 번째는 의료체계
84,RT happy_CSR_ 문재인 대통령님 코로나19 자가검사키트 생산 업체 에스디바이오센서 오송 공장을 방문해 연휴에도 근무 중인 현장 근무자들을 격려 이번 오미크론 변이 대응의 핵심은 첫째는 검사체계를 전환하는 것이고 두 번째는 의료체계
85,RT happy_CSR_ 문재인 대통령님 코로나19 자가검사키트 생산 업체 에스디바이오센서 오송 공장을 방문해 연휴에도 근무 중인 현장 근무자들을 격려 이번 오미크론 변이 대응의 핵심은 첫째는 검사체계를 전환하는 것이고 두 번째는 의료체계
86,RT happy_CSR_ 문재인 대통령님 코로나19 자가검사키트 생산 업체 에스디바이오센서 오송 공장을 방문해 연휴에도 근무 중인 현장 근무자들을 격려 이번 오미크론 변이 대응의 핵심은 첫째는 검사체계를 전환하는 것이고 두 번째는 의료체계
87,RT happy_CSR_ 문재인 대통령님 코로나19 자가검사키트 생산 업체 에스디바이오센서 오송 공장을 방문해 연휴에도 근무 중인 현장 근무자들을 격려 이번 오미크론 변이 대응의 핵심은 첫째는 검사체계를 전환하는 것이고 두 번째는 의료체계
88,RT happy_CSR_ 문재인 대통령님 코로나19 자가검사키트 생산 업체 에스디바이오센서 오송 공장을 방문해 연휴에도 근무 중인 현장 근무자들을 격려 이번 오미크론 변이 대응의 핵심은 첫째는 검사체계를 전환하는 것이고 두 번째는 의료체계
89,RT happy_CSR_ 문재인 대통령님 코로나19 자가검사키트 생산 업체 에스디바이오센서 오송 공장을 방문해 연휴에도 근무 중인 현장 근무자들을 격려 이번 오미크론 변이 대응의 핵심은 첫째는 검사체계를 전환하는 것이고 두 번째는 의료체계
90,RT happy_CSR_ 문재인 대통령 그동안 정확도가 PCR 검사보다 떨어진다고 알려져 있었는데 지금은 정확도가 어느 정도인지 정확하게 알려줄 수 있는가 조영식 에스디바이오센서 전무 국립보건연구원에서 미국에 자체 의뢰해 11개 제품
91,RT happy_CSR_ 문재인 대통령님 코로나19 자가검사키트 생산 업체 에스디바이오센서 오송 공장을 방문해 연휴에도 근무 중인 현장 근무자들을 격려 이번 오미크론 변이 대응의 핵심은 첫째는 검사체계를 전환하는 것이고 두 번째는 의료체계
92,RT happy_CSR_ 문재인 대통령님 코로나19 자가검사키트 생산 업체 에스디바이오센서 오송 공장을 방문해 연휴에도 근무 중인 현장 근무자들을 격려 이번 오미크론 변이 대응의 핵심은 첫째는 검사체계를 전환하는 것이고 두 번째는 의료체계
93,RT happy_CSR_ 문재인 대통령님 코로나19 자가검사키트 생산 업체 에스디바이오센서 오송 공장을 방문해 연휴에도 근무 중인 현장 근무자들을 격려 이번 오미크론 변이 대응의 핵심은 첫째는 검사체계를 전환하는 것이고 두 번째는 의료체계
94,RT happy_CSR_ 문재인 대통령 그동안 정확도가 PCR 검사보다 떨어진다고 알려져 있었는데 지금은 정확도가 어느 정도인지 정확하게 알려줄 수 있는가 조영식 에스디바이오센서 전무 국립보건연구원에서 미국에 자체 의뢰해 11개 제품
95,RT happy_CSR_ 문재인 대통령님 코로나19 자가검사키트 생산 업체 에스디바이오센서 오송 공장을 방문해 연휴에도 근무 중인 현장 근무자들을 격려 이번 오미크론 변이 대응의 핵심은 첫째는 검사체계를 전환하는 것이고 두 번째는 의료체계
96,RT happy_CSR_ 문재인 대통령 그동안 정확도가 PCR 검사보다 떨어진다고 알려져 있었는데 지금은 정확도가 어느 정도인지 정확하게 알려줄 수 있는가 조영식 에스디바이오센서 전무 국립보건연구원에서 미국에 자체 의뢰해 11개 제품
97,RT happy_CSR_ 문재인 대통령 그동안 정확도가 PCR 검사보다 떨어진다고 알려져 있었는데 지금은 정확도가 어느 정도인지 정확하게 알려줄 수 있는가 조영식 에스디바이오센서 전무 국립보건연구원에서 미국에 자체 의뢰해 11개 제품
98,RT happy_CSR_ 문재인 대통령님 코로나19 자가검사키트 생산 업체 에스디바이오센서 오송 공장을 방문해 연휴에도 근무 중인 현장 근무자들을 격려 이번 오미크론 변이 대응의 핵심은 첫째는 검사체계를 전환하는 것이고 두 번째는 의료체계
99,RT happy_CSR_ 문재인 대통령 그동안 정확도가 PCR 검사보다 떨어진다고 알려져 있었는데 지금은 정확도가 어느 정도인지 정확하게 알려줄 수 있는가 조영식 에스디바이오센서 전무 국립보건연구원에서 미국에 자체 의뢰해 11개 제품
