word,count
항공,2862.0
대한,2807.0
대한항공,2797.0
항공사,1346.0
계획,1336.0
코로나,1311.0
경제,1280.0
아시아,1223.0
이번,1181.0
국내,1133.0
금지,1133.0
항공기,1127.0
뉴스,1085.0
예정,1057.0
제공,1049.0
기업,1031.0
전재,1031.0
무단,1030.0
사진,1029.0
배포,1029.0
전망,1002.0
억원,994.0
사업,986.0
올해,971.0
시장,970.0
한국,956.0
진행,947.0
화물,945.0
관계자,900.0
운영,898.0
수요,889.0
서울,882.0
지난해,880.0
여객,851.0
활용,849.0
대비,849.0
관련,845.0
상황,832.0
산업,827.0
미국,821.0
투자,799.0
노선,785.0
세계,770.0
인수,763.0
현재,761.0
이후,759.0
운항,748.0
글로벌,746.0
업계,742.0
설명,742.0
수준,719.0
인천,712.0
가능,704.0
영업,696.0
유지,687.0
평가,679.0
확대,678.0
때문,678.0
다대,678.0
체결,672.0
서비스,671.0
공항,669.0
부문,669.0
네이버,668.0
최근,667.0
예상,663.0
최대,654.0
보유,654.0
규모,653.0
기준,644.0
이익,640.0
분기,636.0
결합,627.0
환경,626.0
국제,623.0
강화,621.0
시간,620.0
이상,620.0
추가,618.0
실적,615.0
분석,615.0
경우,611.0
증가,605.0
기존,603.0
통합,597.0
여객기,596.0
무단전재,590.0
고객,588.0
개선,588.0
영업이익,588.0
구조,584.0
심사,572.0
향후,571.0
거래,567.0
해외,565.0
개발,564.0
가능성,563.0
에어,563.0
노력,561.0
최고,556.0
다양,553.0
결과,550.0
결정,548.0
확보,544.0
추진,542.0
도입,540.0
구독,539.0
운송,537.0
대상,535.0
위원회,534.0
회사,534.0
공급,517.0
운임,503.0
비용,503.0
가운데,500.0
정보,499.0
경쟁,496.0
안전,490.0
기대,489.0
비행,481.0
선정,477.0
회복,476.0
의견,474.0
목표,474.0
증권,473.0
기술,466.0
전문,466.0
공정,464.0
기록,464.0
연구원,463.0
이날,461.0
시스템,459.0
지속,459.0
국제선,457.0
우리,451.0
양사,449.0
제한,448.0
저작권자,445.0
지원,443.0
참여,442.0
발생,439.0
기간,438.0
전환,438.0
한편,433.0
일,431.0
항공화물,426.0
백신,426.0
내년,425.0
연합,424.0
사용,424.0
절차,424.0
포함,422.0
국가,419.0
합병,417.0
원,417.0
항공업계,416.0
주가,416.0
좌석,415.0
여행,413.0
필요,411.0
과정,409.0
정부,408.0
계약,408.0
시작,401.0
협력,401.0
경영,400.0
승인,397.0
중인,397.0
데일리,396.0
이데일리,395.0
유럽,395.0
조원,393.0
일본,392.0
억,391.0
방안,390.0
최종,384.0
적극,382.0
중국,381.0
업체,381.0
조정,380.0
금융,380.0
당국,379.0
최초,379.0
협약,376.0
감소,374.0
적용,373.0
전략,373.0
재무,368.0
개월,368.0
마무리,365.0
기반,365.0
주요,364.0
한진,364.0
만큼,362.0
매출,362.0
수송,361.0
증자,360.0
화물기,360.0
이용,359.0
업무,359.0
전년,359.0
일부,355.0
중심,353.0
경쟁력,352.0
유상,352.0
상승,351.0
방식,350.0
지속적,350.0
해당,349.0
전용,349.0
검토,348.0
대형,347.0
투입,347.0
작업,347.0
유상증자,345.0
하다,344.0
분야,343.0
관리,343.0
고려,340.0
협의,340.0
국토,339.0
우려,338.0
내용,336.0
완료,336.0
영향,334.0
핵심,334.0
회의,333.0
은행,331.0
확인,330.0
구성,329.0
판단,328.0
기업결합,325.0
기관,325.0
매각,323.0
대응,321.0
매수,321.0
시점,318.0
동안,316.0
마련,315.0
여부,313.0
발표,313.0
방역,313.0
주식,312.0
수행,309.0
바탕,307.0
이전,307.0
부산,306.0
문제,305.0
조치,304.0
반영,304.0
실시,302.0
일정,301.0
역량,299.0
현대,299.0
탑승,298.0
준비,298.0
매출액,297.0
기념,297.0
종합,295.0
별도,295.0
정비,294.0
인천공항,293.0
경쟁당국,292.0
스카이,292.0
향상,292.0
제출,291.0
위기,290.0
직원,290.0
연속,288.0
자금,287.0
흑자,287.0
공정거래위원회,286.0
체계,286.0
그룹,286.0
공정위,285.0
소비자,285.0
등급,285.0
헤럴드,284.0
모습,284.0
효과,282.0
헤럴드경제,282.0
방침,281.0
상태,280.0
우기,280.0
우기홍,280.0
승객,280.0
국토교통부,279.0
교통부,279.0
물류,278.0
파이낸셜,278.0
파이낸셜뉴스,278.0
국제공항,275.0
대신,275.0
감염증,275.0
신종,274.0
마일리지,273.0
하나,273.0
조성,272.0
촬영,272.0
목표주가,271.0
참석,271.0
대표,270.0
접종,270.0
거리,269.0
제주,269.0
성공,269.0
신규,268.0
자회사,267.0
운용,267.0
기업결합심사,266.0
능력,264.0
출발,264.0
이달,264.0
월,263.0
성장,263.0
신고,261.0
사장,261.0
공사,260.0
하반기,260.0
가치,260.0
서울경제,259.0
공시,258.0
연결,257.0
회장,257.0
이러스,257.0
연구,257.0
타임,255.0
토대,253.0
항공산업,250.0
기내,250.0
기여,249.0
지난달,249.0
구축,249.0
달성,248.0
왼쪽,248.0
발행,248.0
기종,247.0
시설,247.0
추정,246.0
코로나바이러스,246.0
동기,245.0
사상,244.0
기대감,244.0
소재,244.0
기술력,242.0
나라,241.0
산업은행,241.0
년,240.0
확정,240.0
물량,240.0
주관,238.0
부족,237.0
자체,236.0
미래,236.0
조건,235.0
입장,235.0
해소,234.0
변화,233.0
투자의견,233.0
지역,233.0
에어부산,230.0
속도,228.0
제품,228.0
홈페이지,228.0
채널,227.0
성공적,225.0
지분,224.0
영상,224.0
인천국제공항,223.0
탑재,223.0
차세대,223.0
이슈,222.0
제작,222.0
확산,221.0
발전,221.0
프로그램,221.0
달러,221.0
민간,220.0
이동,219.0
세계적,219.0
부사장,218.0
강서,218.0
강서구,218.0
보고서,217.0
제시,217.0
호조,217.0
적극적,216.0
연간,216.0
유럽연합,215.0
우리나라,214.0
개국,214.0
연내,214.0
무인,214.0
동시,213.0
예약,213.0
경험,212.0
항공편,211.0
중이,211.0
고용,210.0
영국,210.0
비용항공사,208.0
가격,208.0
만,208.0
위원,208.0
대한민국,208.0
민국,208.0
에어서울,207.0
협회,207.0
인증,206.0
콘텐츠,206.0
상호,205.0
패스,205.0
행사,205.0
장착,205.0
시너지,204.0
미주,204.0
절감,203.0
효율,203.0
기구,203.0
부동산,203.0
침해,202.0
부지,202.0
전체,201.0
서울시,201.0
본사,201.0
대의,201.0
우주,201.0
사전,200.0
모바일,200.0
연료,199.0
판매,198.0
필수,198.0
오후,198.0
비교,197.0
정책,197.0
구매,196.0
기회,195.0
플랫폼,195.0
업무협약,195.0
경기,195.0
창출,194.0
평균,194.0
조선,194.0
재개,194.0
데이터,194.0
감안,193.0
이유,192.0
송현,192.0
송현동,192.0
국내외,192.0
터키,190.0
지연,190.0
극대화,190.0
스카이패스,189.0
공동,189.0
통과,188.0
실제,188.0
복합,188.0
한진칼,188.0
점유율,187.0
국적,185.0
유일,185.0
각국,184.0
제도,183.0
단계,183.0
항공권,182.0
국내선,182.0
오전,182.0
전자,181.0
금액,181.0
최신,181.0
급증,180.0
주주,180.0
변이,179.0
담당,179.0
기체,178.0
역할,178.0
조원태,178.0
자료,177.0
방지,177.0
사항,177.0
반면,177.0
강세,177.0
독과점,176.0
규제,175.0
안정성,175.0
장거리,173.0
수출,173.0
등,172.0
생산,172.0
자사,172.0
활동,172.0
미디어,172.0
자본,171.0
나머지,170.0
델타,170.0
제고,170.0
호텔,169.0
편의성,169.0
탄소,169.0
임무,169.0
상용,168.0
인수합병,168.0
고성능,168.0
단체,167.0
한진그룹,167.0
해운,166.0
비율,165.0
종료,165.0
목적,165.0
시대,165.0
다음달,164.0
본격적,164.0
이사,164.0
년간,163.0
요구,163.0
시기,163.0
조사,162.0
성수기,162.0
장기화,162.0
장비,162.0
예측,161.0
전원,161.0
항공대,161.0
관광,161.0
중단,160.0
우선,160.0
태국,159.0
재무구조,159.0
의미,159.0
사회,159.0
성과,159.0
논의,158.0
당시,158.0
중복,158.0
작년,158.0
소요,157.0
채권,157.0
엔진,157.0
다이,157.0
분,157.0
지주,157.0
요인,157.0
지배,156.0
개조,156.0
추세,156.0
회,155.0
회원,155.0
시행,155.0
퍼스트,155.0
정도,154.0
바이러스,154.0
축적,154.0
배출,154.0
모든,153.0
합의,153.0
가량,153.0
부담,152.0
중,152.0
지,152.0
사진제공,152.0
선제,152.0
하세,152.0
수권,151.0
상향,151.0
취득,150.0
특수,150.0
삼성,150.0
시험,150.0
당초,149.0
사인,149.0
안내,149.0
리보,149.0
스냅,149.0
기내식,148.0
결론,148.0
행위,148.0
디지털,148.0
출범,148.0
본부,148.0
구독하세,148.0
개,147.0
시스,147.0
노하우,147.0
확충,147.0
빡침해소,147.0
청춘,147.0
청춘뉘우스,147.0
뉘우스,147.0
스냅타임,147.0
경제정보,147.0
대신증권,146.0
집중,146.0
스마트,146.0
화물사업,146.0
적자,146.0
연합뉴스,145.0
모두,145.0
전반,145.0
어려움,144.0
착륙,144.0
승무원,143.0
해결,143.0
센터,143.0
우수,143.0
이행,142.0
차지,142.0
무인기,141.0
탑승객,140.0
소리,140.0
대부분,139.0
덕분,139.0
상품,139.0
부분,138.0
인력,138.0
관측,138.0
공장,138.0
검사,137.0
구체적,137.0
신용,137.0
수하물,137.0
협조,137.0
감축,136.0
이외,136.0
대면,136.0
이래,136.0
지금,136.0
비결,136.0
부채,135.0
지배구조,135.0
화물전용,135.0
혜택,134.0
파인애플,134.0
부진,133.0
사태,133.0
소비,133.0
통신,133.0
포스트,133.0
가동률,133.0
인상,132.0
수익,132.0
포인트,132.0
각서,132.0
날개,132.0
리,132.0
교통,132.0
금융이슈,132.0
토리,132.0
헉스,132.0
포,131.0
온라인,131.0
과제,131.0
국민,131.0
버스,131.0
포트,131.0
양해,131.0
전문가,131.0
오른쪽,131.0
완전,131.0
성능,130.0
상반기,130.0
각종,130.0
브랜드,130.0
통상,130.0
도착,129.0
네트워크,129.0
급감,129.0
처음,129.0
첨단,129.0
운수권,128.0
연말,128.0
뉴욕,128.0
실현,128.0
양해각서,128.0
연계,128.0
아시아경제,128.0
운세,128.0
토정,128.0
토정비결,128.0
배포금지,128.0
축소,127.0
조건부,127.0
필수적,127.0
주력,127.0
자동,127.0
자산,127.0
계속,127.0
선도,127.0
상회,126.0
관계,126.0
탐지,126.0
여파,126.0
항공유,126.0
종합적,125.0
완화,125.0
법인,125.0
사단,125.0
심화,125.0
비즈니스,125.0
감사,125.0
보세,125.0
심사보고서,124.0
취항,124.0
차질,124.0
투자자,124.0
지상,124.0
반사,123.0
요청,123.0
효율성,123.0
유동성,123.0
이륙,123.0
정찰,123.0
베트남,122.0
적인,122.0
중요,122.0
전세계,122.0
품질,122.0
출시,122.0
조달,122.0
간담회,121.0
과의,121.0
보완,121.0
케어,121.0
유가,120.0
최대한,120.0
심의,120.0
통해,120.0
결제,119.0
오미크론,119.0
만원,119.0
해외여행,119.0
양지,118.0
스마트폰,118.0
공간,118.0
친환경,118.0
관심,117.0
극복,117.0
협상,117.0
개최,117.0
양지환,117.0
풀이,117.0
월드,117.0
전날,117.0
정상화,117.0
도심,117.0
방위,117.0
대화,117.0
신청,116.0
그동안,116.0
안정적,116.0
에어버스,116.0
제기,116.0
가스,116.0
긴급,116.0
투데이,116.0
배출량,116.0
통제,115.0
하락,115.0
역대,115.0
전,115.0
이하,115.0
센서스,115.0
주문,115.0
비중,115.0
점검,115.0
시상식,115.0
정상,115.0
프로젝트,114.0
이승,114.0
본부장,114.0
설치,114.0
시일,113.0
진입,113.0
직후,113.0
위원장,113.0
설계,113.0
경신,113.0
업그레이드,113.0
생태계,113.0
명품,113.0
피해,112.0
처리,112.0
한국투자증권,112.0
교환,111.0
자동차,111.0
보호,111.0
대란,111.0
홍콩,110.0
조,110.0
외부,110.0
대형항공사,110.0
공개,110.0
주도,110.0
작용,110.0
경제뉴스,110.0
편의,109.0
기능,109.0
장기적,109.0
사례,109.0
프라이,109.0
교체,109.0
스카이트랙스,109.0
기업결합신고,109.0
수직,109.0
머니,109.0
편입,108.0
실시간,108.0
트랜스,108.0
투자증권,108.0
기재,108.0
고품,108.0
고품격,108.0
레터,108.0
이버,108.0
확장,107.0
사업자,107.0
총괄,107.0
임직원,107.0
지적,107.0
다음,107.0
권익,107.0
기념촬영,107.0
설립,107.0
바이오,107.0
컨테이너,107.0
횟수,106.0
제휴,106.0
진에어,106.0
제주항공,106.0
동일,106.0
여기,106.0
공모,106.0
대가,106.0
요소,106.0
불확실,106.0
머니투데이,106.0
리얼,106.0
활성화,105.0
주택,105.0
자신,105.0
배치,105.0
태평양,105.0
빌리티,105.0
닷컴,105.0
비행기,104.0
배정,104.0
거래법,104.0
청약,104.0
저피,104.0
저피탐,104.0
무게,104.0
번째,104.0
비즈,104.0
특별,104.0
마스크,104.0
대화기구,104.0
전원회의,103.0
개의,103.0
차례,103.0
트래블,103.0
주의,103.0
한국경제,103.0
부릿지,103.0
리얼타임,103.0
진자,102.0
호주,102.0
특성,102.0
긍정적,102.0
필요하다,102.0
사주,102.0
대표이사,102.0
부여,102.0
상쇄,102.0
회사채,102.0
부채비율,101.0
수혜,101.0
증대,101.0
화물칸,101.0
상위,101.0
터미널,101.0
제조,101.0
산하,101.0
구조조정,100.0
무역,100.0
어디,100.0
수속,100.0
감시,100.0
포르,99.0
독점,99.0
상당,99.0
격리,99.0
입국,99.0
표면,99.0
진단,99.0
조선비즈,99.0
발권,99.0
악화,98.0
사의,98.0
규정,98.0
신속,98.0
방향,98.0
키트,98.0
한국경제신문,98.0
신문,98.0
반납,97.0
대금,97.0
하늘길,97.0
트랜스포트,97.0
차별화,97.0
당신,97.0
클릭,97.0
대기,96.0
설정,96.0
가정,96.0
현지,96.0
혁신,96.0
라인,96.0
수주,96.0
대,96.0
상정,95.0
소속,95.0
제외,95.0
조업,95.0
체인,95.0
슬롯,94.0
경쟁사,94.0
변경,94.0
국토부,94.0
위험,94.0
토지,94.0
개인,94.0
계기,94.0
프레스,94.0
경기도,94.0
전담,94.0
배분,93.0
항공업,93.0
잠정,93.0
시정,93.0
획득,93.0
자원,93.0
유치,93.0
인프라,93.0
대규모,93.0
컨소시엄,93.0
분해,93.0
위드,93.0
수송량,93.0
제조사,93.0
운수,92.0
일환,92.0
자구,92.0
연,92.0
제작사,92.0
항공여행,92.0
온실,92.0
온실가스,92.0
상환,92.0
가기,92.0
국제항공운송협회,91.0
화물운임,91.0
앞,91.0
트랙스,91.0
시범,91.0
손실,91.0
지수,91.0
수급,91.0
상승세,91.0
주목,91.0
모델,91.0
전사,91.0
보급,91.0
실사,91.0
뉴스레터,91.0
원클릭,91.0
하면,90.0
신주,90.0
계열,90.0
영종,90.0
대표적,90.0
인정,90.0
오일,90.0
한국토지주택공사,90.0
공정거래법,90.0
전시회,90.0
채무,90.0
두유,90.0
두유노우,90.0
노우,90.0
현황,89.0
동남아,89.0
거래일,89.0
부품,89.0
지급,89.0
여객수요,89.0
공유,89.0
이벤트,89.0
교통관리,89.0
적립,89.0
모집,89.0
반대,88.0
효율적,88.0
종로,88.0
종로구,88.0
대우,88.0
영역,88.0
무인항공기,88.0
매일,88.0
하늘,87.0
기대치,87.0
조립,87.0
클래스,87.0
메인,87.0
로스앤젤레스,86.0
최소화,86.0
증권사,86.0
레저,86.0
원호,86.0
원호연,86.0
발굴,86.0
소형,86.0
포스,86.0
신축년,86.0
권리,85.0
이착륙,85.0
각각,85.0
수,85.0
서프라이즈,85.0
동체,85.0
최선,85.0
수익성,85.0
상장,85.0
뱅크,85.0
한화,85.0
지주회사,85.0
매일경제,85.0
존재,84.0
레스,84.0
크기,84.0
최고운,84.0
단계적,84.0
매매,83.0
기자간담회,83.0
스텔스,83.0
중립,83.0
헬기,83.0
유휴,83.0
보스턴,83.0
물품,83.0
신년,83.0
경쟁제한성,82.0
필리핀,82.0
법상,82.0
로스,82.0
다수,82.0
대체,82.0
이자,82.0
호황,82.0
흐름,82.0
일련,82.0
무착륙,82.0
기업분석,82.0
데믹,81.0
약속,81.0
정확,81.0
실천,81.0
지구,81.0
여객사업,81.0
높이,81.0
적체,81.0
출입국,81.0
버블,81.0
고객서비스,81.0
협업,81.0
카고,81.0
에너지,81.0
보기,81.0
제한성,80.0
젤,80.0
특정,80.0
효과적,80.0
정치,80.0
고객서비스부문,80.0
오스카,80.0
매체,80.0
디자인,80.0
중이다대,80.0
수상,80.0
의무,80.0
공군,80.0
접목,80.0
순손실,80.0
이동우,80.0
일로,79.0
영종도,79.0
중복노선,79.0
차량,79.0
펀드,79.0
획기적,79.0
검증,79.0
이사회,79.0
대상자,79.0
착수,79.0
의존,79.0
회전,79.0
물동량,79.0
전세기,79.0
동급,79.0
태스크,79.0
신년운세,79.0
계열사,78.0
말레이시아,78.0
과거,78.0
범위,78.0
북미,78.0
의원,78.0
가이드,78.0
해양,78.0
공략,78.0
방위산업,78.0
신용등급,78.0
도약,77.0
국적항공사,77.0
가지,77.0
하기,77.0
흡수,77.0
보도,77.0
만족,77.0
국면,77.0
스타,77.0
통보,77.0
리스크,77.0
국회,77.0
사단급,77.0
발사체,77.0
원료,77.0
세종,76.0
진출,76.0
본격,76.0
현금,76.0
전시,76.0
이내,76.0
군집,76.0
조종사,76.0
기사,76.0
재무안정성,76.0
항공우주,76.0
하이브리드,76.0
대처,76.0
좌석당,76.0
주세,76.0
연기,75.0
최악,75.0
일반,75.0
허용,75.0
반사이익,75.0
그간,75.0
객실,75.0
비행체,75.0
제공대한항공,75.0
인기,75.0
권위,75.0
현대오일뱅크,75.0
사내,75.0
일반석,75.0
온도,75.0
태스크포스,75.0
매부리,75.0
항공운임,74.0
의결,74.0
민주당,74.0
왕산,74.0
코리아,74.0
위탁,74.0
파악,74.0
전분기,74.0
하부,74.0
코스,74.0
지침,74.0
종결,74.0
경,74.0
스캔,74.0
항공우주사업본부,74.0
외국,73.0
편리,73.0
스케줄,73.0
회수,73.0
작성,73.0
수치,73.0
불허,73.0
신고서,73.0
급등,73.0
회복세,73.0
사회적,73.0
위성,73.0
여권,73.0
상공,73.0
불가능,72.0
절반,72.0
추정치,72.0
종가,72.0
휘트니,72.0
사이트,72.0
솔루션,72.0
기획,72.0
선임,72.0
만족도,72.0
수요예측,72.0
헌신,72.0
변호사,72.0
증진,71.0
경제분석,71.0
웨이,71.0
매입,71.0
오퍼레이션,71.0
휴업,71.0
오프닝,71.0
추첨,71.0
접수,71.0
크루즈,71.0
구간,71.0
자리,70.0
주장,70.0
활주로,70.0
사가,70.0
노조,70.0
연장,70.0
지방,70.0
과학,70.0
필수신고국가,70.0
항,70.0
연승,70.0
개별,70.0
프리미엄,70.0
건설,70.0
실행,70.0
차입금,70.0
명이,69.0
전면,69.0
송승,69.0
초과,69.0
진,69.0
처분,69.0
중장,69.0
중장거리,69.0
선택,69.0
프랫,69.0
외화,69.0
정연승,69.0
리오프닝,69.0
바,69.0
일치,69.0
사업부,69.0
김,69.0
시트,69.0
초고,69.0
초고수,69.0
테스트,68.0
델타항공,68.0
예방,68.0
심리,68.0
제거,68.0
측면,68.0
종이,68.0
입찰,68.0
반도체,68.0
고장,68.0
클라우드,68.0
인도,68.0
재무제표,68.0
벨리,68.0
맞춤,68.0
할인,68.0
플러스,68.0
생각,67.0
왕복,67.0
비행시간,67.0
책임,67.0
공정거래위원장,67.0
조합,67.0
연구소,67.0
형태,67.0
전파,67.0
최첨단,67.0
선점,67.0
에어라인,67.0
레이팅,67.0
급유,67.0
탄력,67.0
바이오항공유,67.0
단체협약,67.0
승계,67.0
발송,66.0
추후,66.0
내달,66.0
도시,66.0
단축,66.0
배경,66.0
호실적,66.0
부처,66.0
사고,66.0
항공정비,66.0
자재,66.0
하와이,66.0
주,66.0
당기,66.0
빅데이터,66.0
산,66.0
세이프티,66.0
편익,65.0
민,65.0
자연,65.0
결과적,65.0
위반,65.0
실질적,65.0
보고,65.0
격납고,65.0
집계,65.0
모빌리티,65.0
명,65.0
흑자전환,65.0
성남,65.0
아마존,65.0
당일,65.0
발사대,65.0
기단,65.0
체력,64.0
파리,64.0
고용유지,64.0
무산,64.0
차원,64.0
의료원,64.0
거론,64.0
중공업,64.0
물류대란,64.0
엔터테인먼트,64.0
편성,64.0
국제민간항공기구,64.0
탄소배출,64.0
발사,64.0
정보기술,63.0
조직,63.0
고속,63.0
도움,63.0
공정거래위원회의,63.0
직전,63.0
호,63.0
서류,63.0
고도화,63.0
납품,63.0
유출,63.0
수근,63.0
정확도,63.0
라운지,63.0
희생,63.0
대유행,62.0
일종,62.0
티웨이항공,62.0
위축,62.0
시가,62.0
뉴시스,62.0
사채,62.0
인천발,62.0
대우조선해양,62.0
변수,62.0
레이더,62.0
자율,62.0
카메라,62.0
요원,62.0
출현,62.0
서울공항,62.0
양산,62.0
무료,62.0
항공시장,61.0
사이,61.0
프랑스,61.0
지배력,61.0
면적,61.0
왕산레저개발,61.0
국방,61.0
일등,61.0
고도,61.0
개편,61.0
전술,61.0
만기,61.0
경닷컴,61.0
충돌,60.0
요금,60.0
불가,60.0
에프,60.0
준수,60.0
수립,60.0
손상,60.0
미세,60.0
박차,60.0
투자은행,60.0
나로,60.0
음성,59.0
언급,59.0
마감,59.0
내,59.0
여행객,59.0
일간,59.0
수단,59.0
조세,59.0
비용절감,59.0
영하,59.0
주효,59.0
교육,59.0
회계,58.0
여력,58.0
부가,58.0
인해,58.0
편,58.0
등에,58.0
소유,58.0
개월간,58.0
중고도,58.0
가입,58.0
방문,58.0
프랫앤휘트니,58.0
용품,58.0
장점,58.0
임의,58.0
주년,58.0
공급망,58.0
마지막,58.0
리프트,58.0
육성,58.0
내국인,58.0
용역,58.0
발주,58.0
임택,58.0
주간,57.0
말,57.0
현장,57.0
시간대,57.0
변동,57.0
교수,57.0
정식,57.0
진흥,57.0
홍보,57.0
총회,57.0
특징,57.0
근거,57.0
인원,57.0
중앙,57.0
전통적,57.0
추천,57.0
금리,57.0
보강,57.0
가정상담소,57.0
상담소,57.0
줄리,57.0
투자노트,57.0
노트,57.0
재분배,56.0
기타,56.0
카드,56.0
내부,56.0
애널리스트,56.0
메뉴,56.0
시카고,56.0
동의,56.0
대기업,56.0
공식,56.0
테크,56.0
장기,56.0
전문지,56.0
연결기준,56.0
초기,56.0
다양화,56.0
실리,56.0
실리티,56.0
체크,56.0
허가,55.0
안정,55.0
지면,55.0
개사,55.0
수집,55.0
해상,55.0
현대차,55.0
서,55.0
정찬,55.0
정찬수,55.0
소개,55.0
세부,55.0
안전도,55.0
식별,55.0
유일한,55.0
이연,55.0
베이,55.0
단기,55.0
도심항공교통,55.0
만회,55.0
기후,55.0
로터,55.0
모니터링,55.0
고유,55.0
항공여객,54.0
시정조치,54.0
자가,54.0
조회,54.0
시유지,54.0
여개,54.0
체결식,54.0
제안,54.0
기조,54.0
인수계약,54.0
순환,54.0
진단키트,54.0
전기,53.0
시장점유율,53.0
통합항공사,53.0
증시,53.0
양사간,53.0
문서,53.0
제어,53.0
여년,53.0
교류,53.0
중정비,53.0
엔진정비공장,53.0
화물운송,53.0
지위,53.0
자리매김,53.0
백신접종,53.0
복합결제,53.0
마이,53.0
사외,53.0
사외이사,53.0
모색,53.0
계획안,53.0
멤버십,53.0
규격,53.0
중대,52.0
허브,52.0
인위적,52.0
증권가,52.0
마케팅,52.0
의원실,52.0
삼성동,52.0
수가,52.0
폭발,52.0
훈련,52.0
한국공학한림원,52.0
보잉사,52.0
정무,52.0
권익위,52.0
번호,52.0
런던,51.0
숫자,51.0
보관,51.0
형성,51.0
문화,51.0
엔진정비,51.0
인식,51.0
정기,51.0
만약,51.0
숙박,51.0
열린,51.0
장치,51.0
하나금융투자,51.0
추산,51.0
선박,51.0
의약품,51.0
흥행,51.0
스페이스,51.0
동물성,51.0
관광비행,51.0
정통,51.0
대해,50.0
예정일,50.0
최소,50.0
시,50.0
서울의료원,50.0
사모,50.0
직접,50.0
연락처,50.0
시민,50.0
행정,50.0
복합소재,50.0
중순,50.0
일등석,50.0
등석,50.0
메시지,50.0
티,50.0
양호,50.0
한계,50.0
저감,50.0
굿즈,50.0
주명호,50.0
명호,50.0
세로,49.0
티켓,49.0
단독,49.0
부합,49.0
남측,49.0
영업손실,49.0
사람,49.0
국제여객,49.0
월과,49.0
견인,49.0
틸트,49.0
이정환,49.0
증액,49.0
중장기,49.0
만달러,49.0
마일,49.0
영업흑자,49.0
단계별,49.0
연결편,49.0
오정,49.0
오정민,49.0
좌석장,49.0
정통사주,49.0
분위기,48.0
정리,48.0
미주노선,48.0
랜드,48.0
사건,48.0
독립적,48.0
지속가능성,48.0
인사,48.0
전투기,48.0
생존,48.0
기체검사,48.0
육안,48.0
가로,48.0
통합전략,48.0
워드,48.0
호놀룰루,48.0
협의체,48.0
우선협상대상자,48.0
세트,48.0
탄소배출량,48.0
감정,48.0
물자,48.0
애플리케이션,47.0
두고,47.0
훼손,47.0
일각,47.0
여,47.0
하면서,47.0
재편,47.0
시각,47.0
위주,47.0
일자리,47.0
전일,47.0
기상,47.0
업데이트,47.0
지점,47.0
신고대상,47.0
건립,47.0
성장세,47.0
지정,47.0
개정,47.0
제철,47.0
배,47.0
조기,47.0
미,47.0
정기편,47.0
그린,47.0
공학,47.0
편집장,47.0
연관,47.0
당기순손실,47.0
한화시스템,47.0
서울대,47.0
신주인,46.0
구조적,46.0
만이,46.0
마켓,46.0
포기,46.0
동물,46.0
시연,46.0
일상,46.0
시황,46.0
국제항공,46.0
밸류,46.0
요청사항,46.0
업종,46.0
적합,46.0
약정,46.0
다목적,46.0
정무위원회,46.0
동결,46.0
산정,46.0
자본확충,46.0
고효율,46.0
역발상,46.0
나로호,46.0
부꾸미,46.0
부자,46.0
구독하기,46.0
협정,45.0
저가,45.0
체제,45.0
에프앤가이드,45.0
개인정보,45.0
경유,45.0
지주사인,45.0
당장,45.0
유도,45.0
억원대,45.0
항만,45.0
전문매체,45.0
바닥,45.0
여명,45.0
단순,45.0
골자,45.0
정체,45.0
국정,45.0
중점,45.0
표준,45.0
관제,45.0
영구,45.0
지석,45.0
단의,45.0
업황,45.0
한림원,45.0
기술협력,45.0
방호복,45.0
공기,45.0
발상,45.0
강달호,45.0
안건,44.0
출처,44.0
상대적,44.0
다다,44.0
한국항공대,44.0
등장,44.0
취지,44.0
아가,44.0
며,44.0
건강,44.0
서버,44.0
현지시간,44.0
물론,44.0
시제,44.0
피탐,44.0
유사,44.0
작업자,44.0
유나이티드,44.0
예단,44.0
일드,44.0
반복,44.0
순차적,44.0
길이,44.0
한국무역협회,44.0
의료,44.0
기,44.0
수출기업,44.0
코백스,44.0
백스,44.0
일련번호,44.0
스테르,44.0
대까지,44.0
해협,44.0
지원금,43.0
위권,43.0
수용,43.0
주요국,43.0
석,43.0
공정거래법상,43.0
주기장,43.0
도로,43.0
반려,43.0
반려동물,43.0
이메일,43.0
기기,43.0
파기,43.0
지로,43.0
잔금,43.0
비행시험,43.0
법률,43.0
총수,43.0
객기,43.0
편이,43.0
추이,43.0
그랜드,43.0
국정감사,43.0
공통,43.0
증정,43.0
호조세,43.0
화이자,43.0
화물기단의,43.0
탄소중립,43.0
기후변화,43.0
터형,43.0
연구용역,43.0
태호,43.0
세이버,43.0
쇼핑,42.0
자국,42.0
맺었다,42.0
성사,42.0
시드니,42.0
타격,42.0
기간산업,42.0
주변,42.0
총액,42.0
발휘,42.0
화물공급,42.0
호재,42.0
사모펀드,42.0
사안,42.0
혁신적,42.0
학교,42.0
갈등,42.0
측은,42.0
국방기술진흥연구소,42.0
광대역,42.0
전류,42.0
국방과학연구소,42.0
시제업체,42.0
상하이,42.0
사실,42.0
약,42.0
강성진,42.0
하이,42.0
편안,42.0
종목,42.0
반등,42.0
캐시,42.0
환율,42.0
인터뷰,42.0
경쟁법,42.0
제반,42.0
산업기술성과,42.0
산업체,42.0
항공운송,42.0
바이오연료,42.0
해조류,42.0
암스테르,42.0
강릉,42.0
대한해협,42.0
현실적,41.0
예고,41.0
부과,41.0
대형기,41.0
외국인,41.0
교환계약,41.0
체계개발,41.0
커뮤니티,41.0
오프라인,41.0
유수,41.0
분리,41.0
면제,41.0
파트너십,41.0
합동,41.0
지표,41.0
프레스티지석,41.0
자세,41.0
이름,41.0
원화,41.0
보너스,41.0
정우,41.0
독보적,41.0
공고,41.0
구분,41.0
선물,41.0
인터내셔널,41.0
관점,41.0
페이지,41.0
기초,41.0
탄소감축,41.0
경영평가위원회,41.0
송광섭,41.0
광섭,41.0
매경닷컴,41.0
한진관광,41.0
전송,41.0
점,40.0
확인서,40.0
자,40.0
프로,40.0
혼잡,40.0
부와,40.0
김포공항,40.0
최종적,40.0
유력,40.0
의사,40.0
설비,40.0
발간,40.0
데,40.0
근무,40.0
저장,40.0
사주조합,40.0
년도,40.0
위치,40.0
기체구조,40.0
다기능,40.0
반사면적,40.0
무인비행체,40.0
안전관리,40.0
월부,40.0
측정,40.0
단가,40.0
파트너,40.0
로고,40.0
항공우주산업체,40.0
회생,40.0
움직임,40.0
동선,40.0
녹색,40.0
녹색채권,40.0
우주연구원,40.0
발열,40.0
성숙,40.0
유엔,40.0
통합방안,40.0
앱으,40.0
김영,40.0
수십,39.0
당사,39.0
저하,39.0
반발,39.0
이미지,39.0
국경,39.0
루프트한자,39.0
단거리,39.0
탄생,39.0
현대자동차,39.0
순이익,39.0
정,39.0
신청서,39.0
소비자중심경영,39.0
선사,39.0
손해,39.0
참가,39.0
블랙,39.0
주주총회,39.0
이탈,39.0
이제,39.0
세가,39.0
만전,39.0
현대카드,39.0
국방부,39.0
컨테이너선,39.0
내외,39.0
약세,39.0
협력사,39.0
톤급,39.0
후속,39.0
소감,39.0
중점적,39.0
주당,39.0
면세품,39.0
축하,39.0
이야기,39.0
순간,39.0
주명,39.0
특별기,39.0
고용유지지원금,38.0
위상,38.0
자유,38.0
간,38.0
심사관,38.0
여대,38.0
독일,38.0
대로,38.0
여객부문,38.0
부회장,38.0
태블릿,38.0
서약서,38.0
서명,38.0
단말기,38.0
열람,38.0
자가격리,38.0
한국조선해양,38.0
건전,38.0
장소,38.0
화상,38.0
도모,38.0
인건비,38.0
도,38.0
의결권,38.0
총,38.0
성진,38.0
챗봇,38.0
코스피,38.0
기업가치,38.0
고,38.0
한번,38.0
실증,38.0
도심항공모빌리티,38.0
방증,38.0
적기,38.0
박정우,38.0
방위산업체,38.0
개월만,38.0
기여도,38.0
식물성,38.0
사용자,38.0
청사,37.0
소폭,37.0
객실승무원,37.0
먼트,37.0
돌파,37.0
고려하면,37.0
