date,title,content
 2021.12.15 06:11,"유태준 마인즈랩 대표 “AI, 인간 감정도 흉내 가능…가상인간 들어간 로봇 나올 것”","
[이코노미조선]  [Interview] AI 가상 은행원·기상캐스터 만든 마인즈랩 유태준 대표 마케팅 트렌드를 이끄는 인플루언서 시장에서 가상인간이 급부상하고 있다. 코로나19 팬데믹(pandemic·감염병 대유행)이 기승을 부리던 지난해, 마스크도 쓰지 않고 전 세계를 여행하며 인증 사진을 올리던 한 주근깨 소녀의 소셜미디어(SNS) 계정이 주목을 받았다. 이 소녀의 정체는 가상인간 ‘로지’. 그는 현재 연간 15억원의 수익을 올리는 ‘광고계 블루칩’이 됐다. 국내만의 얘기는 아니다. 미국 인공지능(AI) 스타트업 브러드(Brud)가 2016년 선보인’릴 미켈라’의 연간 수익(2019년 기준)은 약 1170만달러(약 140억원)에 달한다. 가상인간의 두뇌 역할을 하는 인공지능(AI), 실제 사람 외모를 연상케 하는 컴퓨터 그래픽(CG), 이들의 활동 공간인 메타버스(meta-verse·현실과 가상이 혼합된 세계) 등 기술 발전이 뒷받침된 결과다. 가상인간의 활동 영역도 단순 광고 모델을 넘어 뉴스 앵커, 쇼핑 호스트, 은행원 등으로 확대되고 있다. ‘이코노미조선’은 이 같은 ‘가상인간 창조 시대’가 도래한 이유와 현황, 앞으로 발전 방향을 짚어 본다. [편집자주]“가상인간의 궁극적인 미래는 로봇이 될 겁니다. 육체 없이 가상공간에서만 존재했던 인공지능(AI) 기반의 가상인간이 로봇에 들어가고, 현실세계에서 실제 사람들과 상호작용하는 미래가 열릴 겁니다.”유태준 마인즈랩 대표. /심민관 기자        AI 서비스 업체인 마인즈랩의 유태준 대표는 11월 26일 ‘이코노미조선’과 인터뷰에서 이같이 예측했다. 마인즈랩은 최근 신한은행에 AI 가상 은행원 기능이 탑재된 데스크형 스마트 기기인 ‘디지털 데스크’를 공급해 주목을 받은 회사다. 현재 서울 서소문점·여의도중앙점·홍제동점 등 수도권 69개 지점에 마인즈랩의 디지털 데스크 78개가 배치됐다. 고객이 상담 창구에 앉으면 데스크 화면에 AI 가상 은행원이 나타나 계좌 개설이나 이체·송금, 금융상품 안내 등 은행 업무를 도와준다.기존 가상인간 인플루언서의 경우 준비된 스크립트를 읽어주는 일방향 대화에 그쳤다면, AI 가상 은행원은 고객과 실시간으로 쌍방향 대화가 가능하다는 점이 특징이다. 24시간 방송이 가능한 AI 가상 기상캐스터도 이 회사의 대표적인 서비스다. 여수MBC는 지난 9월부터 마인즈랩의 AI 가상 기상캐스터를 도입, 날씨 방송을 진행 중이다. 마인즈랩의 AI 가상 기상캐스터는 YTN의 기상캐스터 유승민씨를 모델링해서 만들었다. 실제 인물을 토대로 만들어 낸 일종의 아바타형 가상인간이다.여수MBC에서 활동 중인 마인즈랩의 AI 가상 기상캐스터. 사진 마인즈랩        2014년 마인즈랩이 설립될 당시에는 빅데이터 사업 회사였다. 삼일회계법인에서 20년간 일한 공인회계사 출신인 유 대표가 2015년 회사를 인수한 이후, 회사의 사업 방향이 AI 개발 쪽으로 바뀌기 시작했다. 빅데이터가 단순 분석 대상에서, AI 학습 자원이라는 개념으로 의미가 확장되면서 자체적인 AI 개발의 필요성을 느꼈기 때문이었다.마인즈랩은 지금까지 40개의 자체 AI 엔진을 개발했고, 지난 3월에는 AI 가상인간인 ‘M1′ 개발에 성공했다. M1은 음성·시각·언어 기술의 총 집합체로 사람의 말을 알아듣고, 눈으로 본 것을 이해하고, 실시간 음성 대화까지 가능하다. 최근 신한은행에 공급된 AI 가상 은행원도 M1이 적용된 것이다. 유 대표는 가상인간의 미래를 메타버스(metaverse·현실과 가상이 혼합된 세계)와 AI 기술 발전에 달렸다고 전망했다. 그는 “시간과 공간의 제약을 받지 않는 메타버스와 AI의 결합으로 가상인간 산업은 더욱 확장될 것”이라며 “미래에 AI가 고도화되면 AI 가상인간이 탑재된 로봇 시대가 열릴 것”이라고 했다. 다음은 일문일답.가상인간을 어떻게 정의해야 하나.”우리는 가상인간 대신 인공인간이라는 단어를 쓰고 있다. 최근 가상인간으로 유명세를 떨친 가상 인플루언서와 구분하기 위해서다. 광고모델 등으로 활동 중인 가상 인플루언서는 3차원(3D) 그래픽 기술의 발전으로 나타난 이미지 변환기술로 구현된 것이다. 가상 인플루언서들이 포즈를 취하거나 춤추는 영상은 실제 사람이 몸에 센서를 달고 영상을 찍은 뒤, 이미지 변환기술을 적용해 가상 인플루언서의 모습을 입히는 것이다. 가상 인플루언서는 AI로 운영되지는 않기 때문에 실시간으로 대화를 하거나 스스로 움직일 수는 없다.”마인즈랩의 가상인간은 무엇이 다른가.”우리 회사는 AI로 운영되는 가상(인공)인간 서비스를 제공한다. 가상 인플루언서보다 기술적으로 발전된 형태의 서비스다. 우리가 만드는 인공인간은 3D 그래픽 기술에 인공지능 기술이 접목된 결과물이다. 사람 음성을 95% 이상 이해할 수 있게 훈련됐고, 음성 인식 속도는 0.5초 이내로 빠르기 때문에 끊김 없이 대화를 이어갈 수 있다. 우리는 주로 실제 인물을 모델로 아바타형 인공인간을 만들고 있는데, 최근에는 실제 인물을 모델로 하지 않고 인공인간을 제작하기도 했다.”가상인간이 최근 부상한 이유가 있나.”때가 무르익었기 때문이라 생각한다. 최근 들어 가상인간을 구현하는 3D 그래픽 기술이나 AI 기술이 정교화됐기 때문이다. 우리 회사도 올해 3월에 AI 기술을 총집합시켜 가상인간을 만들어냈다. 이미 몇 년 전부터 가상인간을 만들 기술은 있었지만 기존에 있던 기술들이 정교해지고, 이를 종합하는 데 시간이 걸린 것이다.”가상인간 산업이 발전하려면.”물론, 가상인간을 생생하게 만날 수 있는 메타버스 세계 구축이 빨라질수록 가상인간 산업도 빠르게 확장될 것이다. 그러나 무엇보다 가상인간이 사람과 비슷한 대응을 하도록 만들기 위해선 AI 기술 발전이 선행돼야 한다. 현재 가상 인플루언서가 인기는 있지만, 사람들과 실시간으로 대화를 하거나 상호작용을 하는 건 불가하다. 다양한 서비스 산업 현장에 적용할 수도 없다. 결국 가상인간 산업 발전은 AI에 달려있다고 봐야 한다.”광고모델 외에 가상인간 적용 가능 사업은.”대표적인 예로 머지않아 휴대전화에도 가상인간 비서가 들어갈 수 있다. 지금은 음성인식 AI 비서가 휴대전화에 들어가 있는데, AI 가상인간 비서가 탑재되면 기존의 청각 정보뿐 아니라, 시각 정보를 인식한 상태로 사용자와 대화할 수 있다. 인간은 대화할 때 서로의 표정을 읽고 행간의 의미를 해석하는데, 휴대전화에 AI 가상인간 비서가 들어가면 AI와 사용자가 서로의 표정을 보면서 대화를 할 수 있게 된다. 엔터테인먼트로도 활용 가능하다. 예를 들어, 방탄소년단(BTS) 같은 인기 연예인들을 모델링해서 가상인간을 만들 수도 있다. 이 밖에 가전 대리점이나 전시장에서 안내를 가상인간이 대신할 수 있고, 행사장에서 사회도 가상인간이 대신 봐줄 수 있다. 이런 것들은 현재 우리가 제공하는 서비스이기도 하다. 고객센터 상담 업무 같은 감정 노동도 AI 가상인간으로 대체 가능하다.”미래에는 가상인간이 감정도 가질 수 있나.”가능할 것이라고 본다. 인간의 뇌 시냅스와 뉴런을 모방해 낼 정도로 AI가 고도화된다면 AI가 인간의 감정을 흉내 내고, 심지어 감정을 가질 수도 있다고 본다. 가상인간이 실제 인간에 가까워지고, 가상인간을 로봇에 넣는다면 메타버스 세계가 아니라, 현실세계에서도 가상인간과 인간이 어울려 생활하게 될 것이다. 이 때문에 우리 회사가 주목하는 것도 로봇이다. AI에 기반한 가상인간을 로봇에 넣어 생활에 쓰일 수 있도록 할 계획이다.”가상인간이 인간의 일자리를 위협할까.”미래에 AI 기술이 고도로 발달해서 가상인간이 실제 인간과 유사할 정도의 모습을 갖게 된다면 모를까 지금 수준의 가상인간은 인간의 일자리를 위협하기 어렵다. AI 가상인간이 로봇에 들어가도 마찬가지다. 먼 미래의 일이다. 1인 가구가 늘고, 인구가 갈수록 감소하는 상황에서는 오히려 가상인간이나 가상인간 로봇이 미래 노동력 부족 문제를 해결하는 데 도움이 될 것이라고 본다.”앞으로 목표는.”AI 기반 가상인간 사업은 새로운 성장 시장이다. 특히 우리 회사는 로봇에 AI 가상인간을 입히는 쪽으로도 사업을 발전시킬 계획이다. 2023년까지 유니콘(기업 가치 10억달러 이상 비상장기업)으로 도약이 목표다.”- 더 많은 기사는 이코노미조선에서 볼 수 있습니다.<관련기사>[가상인간 창조 시대] ① 현실과 가상의 경계를 허무는 가상인간들[가상인간 창조 시대] ② [Infographic] 가상인간이 왔다[가상인간 창조 시대] ③ [Interview] 오프비트미디어그룹 공동 창업자 겸 최고운영책임자 크리스토퍼 트래버스[가상인간 창조 시대] ④ [Interview] AI 가상 은행원·기상캐스터 만든 마인즈랩 유태준 대표[가상인간 창조 시대] ⑤ [Interview] 국내 1호 가상 인플루언서 ‘로지’ 개발사 싸이더스스튜디오엑스 백승엽 CEO[가상인간 창조 시대] ⑥ [Interview] 美 스탠퍼드대 ‘가상인간 상호작용 연구소’ 제러미 베일렌슨 소장·월터 그린리프 박사[가상인간 창조 시대] ⑦ [Interview] 현대원 서강대 메타버스전문대학원장
"
 2021.11.23 17:43,"마인즈랩 코스닥 상장 첫날, 공모가보다 8000원 올라","
			   마인즈랩이 코스닥 상장 첫날인 28% 이상 급등했다.   23일 증시에서 마인즈랩 주가는 시초가보다 8350원(28.16%) 급등한 3만8000원으로 마감됐다.   시초가는 공모가인 3만원보다 1.16% 낮은 2만9650원에 형성됐다. 주가는 개장 직후 2만8500원까지 내렸다가 이내 상승 전환했다.   인공인간 전문기업 마인즈랩은 앞서 기관투자자 대상 수요예측에서 공모가를 희망 밴드(범위) 최상단에 확정한 바 있다.   수요예측 경쟁률은 197.55대 1로 다소 저조했다.   이어 진행된 일반투자자 대상 공모주 청약 경쟁률도 89.97대 1로 100대 1을 넘기지 못했다.  
"
 2021.11.23 14:35,"[특징주] 마인즈랩, 코스닥 상장 첫날 상승세","
마인즈랩의 인공지능 스마트 스피커 에스카.        코스닥에 입성한 인공인간 전문기업 마인즈랩이 상장 첫 날 상승세를 보였다.23일 오전 마인즈랩 시초가는 공모가인 3만원보다 1.16% 낮은 2만9650원에 형성됐다. 주가는 개장 직후 2만8500원까지 내렸다가, 이내 상승 전환해 오후 2시 30분 25.46% 오른 3만7200원에 거래되고 있다.마인즈랩은 지난 2014년 한국전자통신연구원의 출자로 설립된 인공지능 서비스 플랫폼 개발 전문기업이다. 이번 코스닥 특례상장 기술성 평가에서 AA와 A등급을 받아 기술의 우수성을 인정받았다.마인즈랩은 앞서 기관투자자 대상 수요예측에서 공모가를 희망 밴드(범위) 최상단에 확정한 바 있다. 수요예측 경쟁률은 197.55대 1로 다소 저조했다. 뒤이어 진행된 일반투자자 대상 공모주 청약 경쟁률도 89.97대 1로 100대 1을 넘기지 못했다.
"
 2021.11.23 11:35,"[증시이슈] 코스닥 데뷔한 ‘마인즈랩’, 상장 첫날 15% 올라","
시초가, 공모가(3만원)보다 낮은 가격 형성     [사진 마인즈랩]    AI 가상인간(인공인간) 전문기업인 ‘마인즈랩’이 23일 코스닥 시장에 입성했다. 오전 11시 25분 기준 마인즈랩 주가는 시초가(2만9650원)보다 15% 오른 3만4100원에 거래되고 있다. 마인즈랩 시초가는 공모가(3만원)보다 350원(1.16%) 낮은 가격에 형성됐다.     마인즈랩은 앞서 진행한 일반투자자 대상 공모주 청약에서 89.971대 1의 경쟁률을 기록했다. 기관투자자 대상 수요예측에서는 198대 1의 경쟁률을 기록했다. 참여기관의 약 91%가 공모가를 밴드(2만6000~3만원) 최상단 이상의 가격을 써내면서 공모가가 3만원에서 결정됐다.      지난 11~12일 진행된 청약에서는 15만1115주 모집에 7만2067건의 청약이 접수됐다. 청약 수량은 1359만6000주, 청약증거금은 2039억4000만원이 몰렸다.     지난 2014년 설립된 마인즈랩은 종합 인공지능(AI) 엔진과 플랫폼을 개발해 각 기업에 공급하고 있다. 마인즈랩의 가상인간은 여수MBC 기상캐스터, 신한은행 AI 은행원으로 각각 발탁됐다. 마인즈랩은 지난해 매출액 82억8600만원, 영업손실 35억8400만원, 당기순손실 204억7500만원을 기록했다.   
"
 2021.11.23 09:38,"[특징주] 마인즈랩, 코스닥 상장 첫날 장초반 상승 전환","
 [파이낸셜뉴스] 마인즈랩이 코스닥 상장 첫날인 23일 장 초반 오름세다.   23일 오전 9시 35분 현재 마인즈랩은 시초가보다 1400원(4.72%) 높은 3만1050원에 거래되고 있다. 시초가는 공모가인 3만원보다 1.16% 낮은 2만9650원에 형성됐다. 주가는 개장 직후 2만8500원까지 내렸다가 이내 상승 전환했다.   인공인간 전문기업 마인즈랩은 앞서 기관투자자 대상 수요예측에서 공모가를 희망 밴드(범위) 최상단에 확정한 바 있다. 수요예측 경쟁률은 197.55대 1로 다소 저조했다.   뒤이어 진행된 일반투자자 대상 공모주 청약 경쟁률도 89.97대 1로 100대 1을 넘기지 못했다.
"
 2021.11.23 09:23,"인공인간 기업 마인즈랩, 상장 첫날 강세…공모가 웃돌아","
			 [특징주]코스닥 새내기주 마인즈랩이 상장 첫날 강세다. 23일 오전 9시 22분 현재 마인즈랩은 시초가 대비 1450원(4.89%) 오른 3만1100원에 거래되고 있다. 마인즈랩의 시초가는 공모가(3만원)보다 1.17% 낮은 2만9650원에 형성됐다. 신규 상장주의 상장 첫날 시초가는 공모가의 90~200%에서 정해진다.앞서 마인즈랩은 지난 11~12일 실시한 일반 청약에서 89.97대 1의 경쟁률을 기록했다. 지난 11~12일 실시한 기관투자자 대상 수요예측에서는 197.55대 1의 경쟁률을 기록해 희망밴드(2만6000~3만원) 상단에서 공모가를 확정했다. 마인즈랩은 AI 가상인간(인공인간) 전문기업이다. 2014년 설립된 마인즈랩은 음성·시각·언어(사고)·아바타 등 종합 AI 엔진을 개발하고, AI 기술 구독 플랫폼인 'maum.ai'를 운영하고 있다.지난 3월에는 사용자의 음성을 95% 이상 이해하고 0.5초 이내 분석한 뒤 응답할 수 있도록 설계된 AI 휴먼 'M1'을 공개했다. 음성·시각·언어(사고)·아바타 등 AI 관련 기술을 집대성해 탄생한 가상인간이다.마인즈랩의 가상인간은 여수MBC 기상캐스터와 라디오 뉴스진행자, 신한은행의 AI 은행원으로 각각 발탁되기도 했다.
"
 2021.11.23 09:14,"마인즈랩, 코스닥 상장 첫날 약세…시초가 소폭 밑돌아","
마인즈랩이 코스닥 상장 첫날 약세를 보이고 있다.23일 오전 9시10분 기준 마인즈랩은 시초가 대비 50원(0.17%) 하락한 2만9600원에 거래 중이다.시초가는 공모가(3만원)보다 1.16% 낮은 2만9650원에 형성됐다.인공인간 전문기업 마인즈랩은 앞서 진행한 일반투자자 대상 공모주 청약에서 89.971대 1의 경쟁률을 기록했다. 기관투자자 대상 수요예측에서는 198대 1의 경쟁률을 기록하며 공모가를 밴드(2만6천~3만원) 상단으로 확정했다.2014년 설립된 마인즈랩은 종합 인공지능 엔진 및 플랫폼 개발업체다.
"
 2021.11.23 11:23,"특구재단 연구소기업 마인즈랩, 코스닥 상장 성공","
			 [23일 입성...연구소기업 중 5번째 상장기업]마인즈랩 서비스연구개발특구진흥재단(이하 특구재단)은 제52호 연구소기업인 마인즈랩이 23일 코스닥에 상장했다고 밝혔다. 이는 연구소기업으로는 다섯 번째다. 앞서 콜마비앤에이치(제1호, 2014년), 수젠텍(제28호, 2019년), 신테카바이오(제58호, 2019년), 진시스템(제147호, 2021년)이 코스닥 시장에 상장했다. 마인즈랩은 2014년 한국전자통신연구원(ETRI)의 출자로 설립된 AI(인공지능) 서비스 플랫폼 개발 전문기업이다. 코스닥 특례상장 기술성 평가에서 AA와 A등급을 받아 기술의 우수성을 인정받았다. 지금까지 AI 상담원, AI 경비원, AI 회의록 등의 서비스를 개발했으며, 현재 신한은행, 현대해상, 포스코 등에 제공하고 있다.  한편, 마인즈랩은 특구재단으로부터 기술이전사업화 지원과 예비기술평가, 상장 전략 수립을 위한 컨설팅 등 코스닥 상장에 필요한 제반 사항들을 집중지원 받았다.[머니투데이 미디어 액셀러레이팅 플랫폼 '유니콘팩토리'] 
"
 2021.11.23 09:11,"[특징주]마인즈랩, 코스닥 상장 첫 날 보합…공모가 밑돌아","
			 [이데일리 권효중 기자] 인공지능(AI) 기술 개발 기업 마인즈랩(377480)이 코스닥 상장 첫 날 보합권에서 움직이며 공모가를 밑돌고 있다. 23일 마켓포인트에 따르면 오전 9시 9분 현재 마인즈랩은 시초가 대비 0.51%(150원) 낮은 2만9500원으로 거래되고 있다. 시초가는 공모가(3만원) 대비 약 1.6% 낮은 2만9650원으로 결정돼 현 주가는 공모가 이하다. 앞서 마인즈랩은 기관 수요예측에서 경쟁률 197대 1을 기록했다. 경쟁률은 다소 낮아보이지만, 참여기관의 약 91%가 희망 밴드(2만6000~3만원) 최상단 이상의 가격을 써낸 것을 기반으로 공모가를 3만원으로 결정했다.이어 지난 11~12일 진행된 청약에서는 15만1115주 모집에 7만2067건의 청약이 접수됐다. 청약수량은 1359만6000주, 청약증거금은 2039억4000만원이 몰렸다. 증거금은 90대 1 수준이다. 2014년 설립된 마인즈랩은 직접 개발한 40여개 AI 엔진과 응용프로그램을 통해 맞춤형 AI를 제작하고 있다. 음성지능과 시각지능, 언어지능, 사고지능을 회사의 AI 응용프로그램 인터페이스 커넥터인 ‘마음 오케스트라’ 플랫폼에서 통합해 AI 고객 상담원, AI 돌보미, AI 경비원, AI 속기사 등을 삼성전자, 포스코, 신한은행, 하나은행, 현대해상 등에 공급중이다.
"
 2021.11.17 11:18,"마인즈랩, KB국민카드 인공인간 사내 아나운서 개발 우선 협상자로 선정","
[서울경제] 마인즈랩은 KB 국민카드의 엄격한 기술 검증과 공개입찰을 거쳐 최종적으로 인공인간(AI Human) 강사 공급 업체로 선정되었다고 17일 밝혔다. 4K 화질의 인공인간 영상을 구현할 수 있는 영상 퀄리티와, 인공인간 영상을 자유자재로 편집할 수 있는 편집 및 관리시스템을 갖추었다는 평가다.인공인간 강사가 도입되면 KB 국민카드의 사내 직원교육 및 공지 등의 업무를 사람 대신 맡아 처리하게 된다. 최근  비대면 시대를 맞아 보다 효율적인 직원교육 시스템을  도입하고자 하는 기업들의 수요가 급증하고 있다고 마인즈랩 관계자는 밝혔다.마인즈랩은 23일 IPO를 앞둔 국내 인공지능 대표 기업으로 안면 인식(face detection), TTS(text to speech), Wave2Lip 등 자체적으로 개발한 40여가지의 인공지능 엔진을 보유하고 있으며, 이 기술들을 통해 많은 기업에 다양한 인공지능 서비스를 제공한다. 지난 5월 이 기술들의 총합체라고 할 수 있는 인공인간(AI Human)을 시장에 런칭한 후, 다양한 직업군의 인공인간을 공급하고 있다. 마인즈랩은 신한은행의 청원경찰과 점포 데스크 은행원을 인공인간과 디지털로 대체하는 신한 디지털 점포 프로젝트에서도 공개경쟁을 통해 최종 선정되어, 이미 업계에서 기술의 차별성을 인정받은 바 있다.마인즈랩은 최근 자체 개발한 글로벌 최고 수준인  SoTA(State of The Art) 수준의 AI 엔진 40여개와 구글, 아마존, MS 등 세계적인 IT기업들의 인공지능API까지 한데 조합하여 최적의 고객 맞춤형 서비스를 만들 수 있는 '마음오케스트라' 개발에 성공하였다. 이를 통해  고객 맞춤형 인공인간 서비스와 더불어 AI 고객 상담원, AI 돌보미, AI 경비원, AI 속기사 등 20여 가지 이상의 인공인간을 제작, 공급할 예정이다. 마인즈랩의 인공인간(AI Human)은 고객의 사업에 최적화된 서비스를 제공할 수 있음은 물론 키오스크, 스마트폰, 로봇 등 다양한 디바이스와 결합할 수 있어 현실 세계와 메타버스 디지털트윈을 모두 구현할 수 있다. 마인즈랩은 이번 KB국민카드 사업 수주에 이어 타 금융기관과도 협의를 진행 중이며, 12월 1일 '마음오케스트라' 플랫폼을 알리는 대대적인 콘퍼런스를 계획하고 있다고 밝혔다.
"
 2021.11.12 18:45,[마켓인]마인즈랩 일반 경쟁률 90대 1…증거금 2039억,"
			 [이데일리 김겨레 기자] 오는 23일 코스닥 시장에 상장하는 인공지능(AI) 개발 기업 마인즈랩의 일반 청약 경쟁률이 89.97대 1에 그쳤다. 12일 상장 주관사 NH투자증권에 따르면 전날부터 이틀 동안 진행한 마인즈랩 일반청약은 15만1115주 모집에 7만2067건의 청약이 접수됐다. 청약수량은 1359만6000주, 청약증거금은 2039억4000만원이 몰렸다.  앞서 진행한 기관 수요예측에서 경쟁률이 197 대 1에 불과해 투자심리에 영향을 준 것으로 풀이된다. 상장 당일 유통가능 물량도 44.88%로 높았다. 다만 마인즈랩은 참여기관의 91%가량이 희망가격(2만6000~3만원) 상단 이상으로 주문을 넣은 것을 반영해 공모가격을 3만원으로 정했다. 2014년 설립된 마인즈랩은 직접 개발한 40여개 AI 엔진과 응용프로그램을 통해 맞춤형 AI를 제작하고 있다. 음성지능과 시각지능, 언어지능, 사고지능을 회사의 AI 응용프로그램 인터페이스 커넥터인 ‘마음 오케스트라’ 플랫폼에서 통합해 AI 고객 상담원, AI 돌보미, AI 경비원, AI 속기사 등을 삼성전자, 포스코, 신한은행, 하나은행, 현대해상 등에 공급하고 있다. 종합 인공지능을 갖춘 세계 최초의 인공인간인 ‘M1’은 인간의 감각과 사고체계를 대신할 수 있는 시각, 청각, 언어, 사고 지능을 가지고 인간의 얼굴과 음성을 인식하고 이해할 수 있다는게 마인즈랩의 설명이다. 마인즈랩은 올 상반기 매출액 30억원, 영업적자 48억원을 거뒀다.
"
 2021.11.12 17:18,"AI업체 마인즈랩, 청약경쟁률 90대1","
공모주 일반청약 마감청약증거금 2039억 모여이 기사는 11월 12일 17:14 “마켓인사이트”에 게재된 기사입니다.상장을 앞둔 인공지능(AI) 개발업체 마인즈랩이 약 90 대 1의 경쟁률로 일반청약을 마쳤다.12일 금융투자업계에 따르면 마인즈랩이 지난 11일부터 이틀간 진행한 일반청약 경쟁률이 89.9 대 1로 집계됐다. 청약에 들어온 증거금은 약 2039억원이었다.기관투자가들로부터 큰 관심을 받지 못하자 일반청약 분위기도 가라앉았다는 평가다. 마인즈랩은 지난 9일 마친 기관 수요예측에서 경쟁률이 197 대 1에 그쳤다. 이 회사는 비교적 낮은 경쟁률에도 참여기관의 91%가량이 희망가격(2만6000~3만원) 상단 이상으로 주문을 넣은 것을 반영해 공모가격을 3만원으로 확정했다.마인즈랩은 유태준 대표(사진)가 2014년 설립한 기업으로 초기엔 빅데이터 분석사업을 했다. 그러다가 2017년부터 AI 개발사업을 시작했다. 직접 개발한 40여개 AI 엔진과 응용프로그램을 통해 맞춤형 AI를 제작하고 있다. 지난 3월엔 세계 최초로 종합 AI를 갖춘 AI 인간을 개발했다. 이 회사는 현재 AI를 적용한 상담원과 돌보미, 경비원 등을 삼성전자, 포스코, 신한은행 등에 공급하고 있다. 올 상반기 매출 30억원, 영업적자 48억원을 냈다.공모 절차를 마친 마인즈랩은 오는 23일 코스닥시장에 상장할 예정이다. 공모가격 기준 시가총액은 1807억원이다. 
"
 2021.11.12 08:42,AI냐 엔터냐…마인즈랩·알비더블유 오늘 마지막 청약,"
첫날 경쟁률 알비더블유 342.03대1마인즈랩 23.58대 1(NH) 6.09대 1(하나)[이데일리 이지현 기자] 엔터주 테마를 탄 알비더블유와 AI 테마의 마인즈랩이 오늘 마지막 청약을 진행한다. 첫날 경쟁률에서 두자릿수와 세자릿수로 차이를 보였지만, 청약 막판 대기수요가 몰릴 수 있어 상황은 예측불가다.12일 미래에셋증권과 NH투자증권 등에 따르면 알비더블유와 마인즈랩은 이날 오후 4시 청약을 최종 마감한다. 알비더블유는 걸그룹 마마무 소속사로 더 잘 알려진 종합 콘텐츠 제작사다. SG워너비의 ‘죄와벌’, 케이윌의 ‘니가 필요해’, 이승기의 ‘결혼해줄래’ 작곡가로 유명한 김도훈씨가 공동대표이사를 맡고 있다. 이미 상장한 다른 연예 기획사와 달리 설립 초기 자사 자체 아티스트가 아닌 타 매니지먼트사의 캐스팅, 아티스트 트레이닝, 프로듀싱 등 대행 업무를 주로 수행하며 업계 내 입지를 다졌다. 현재는 자체 콘텐츠 IP(지식 재산권)를 바탕으로 한 수익모델 을 구축하고 있다. 김도훈 대표 프로듀서(PD)를 포함한 17명의 작곡가가 속한 자체 제작시스템을 통해 회사가 권리를 갖는 음원을 제작, 확보한 상태다. 알비더블유는 지난 5일과 8일 기관 투자자 대상 수요예측을 진행한 결과 국내외 1774개 기관이 참여해 경쟁률 1719.6대 1을 기록했다. 총 공모금액은 268억원, 상장 후 시가총액은 1697억 원 규모가 될 전망이다. 공모가는 희망범위(1만8700~2만1400원) 최상단인 2만1400원으로 확정했다. 다만 의무보유를 약속한(확약) 기관은 15.5%에 그쳤다. 청약 첫날 경쟁률은 342.03대 1로 집계됐다. 이날 청약 대기수요가 몰린다면 무난하게 1000대 1의 경쟁률을 돌파할 것으로 보인다. 최소 10주 청약 시 필요한 청약증거금은 10만7000원이다. 청약은 단독 주관사인 미래에셋증권에서만 가능하다.마인즈랩은 인공지능(AI) 활용한 세계 최초 ‘인공인간’ 개발기업이다. 음성지능과 시각지능, 언어지능, 사고지능을 회사의 AI 응용프로그램 인터페이스 커넥터(API connector)인 ‘maum 오케스트라’로 통합해 AI 고객 상담원, AI 돌보미, AI 경비원, AI 속기사 등을 삼성전자(005930)와 포스코(005490), 신한은행, 하나은행, 현대해상 등에 공급하고 있다.마인즈랩은 이번 코스닥 상장을 통해 연구개발(R&D) 투자 확대, 인공인간 플랫폼 고도화 및 서비스 영역 확대에 사용해 국내를 넘어 글로벌 시장에 진출할 수 있는 기반을 마련할 계획이다. 기관투자자 대상 수요예측 경쟁률은 197.5대 1을 기록했다. 확약 비중은 19.74%로 알비더블유 보다 약간 높다. 공모가는 희망밴드(2만6000~3만원) 최상단인 3만원으로 확정했다. 최소 10주 청약 시 15만원의 청약증거금이 필요하다. 첫날 청약경쟁률은 NH투자증권이 23.58대1, 하나금융투자가 6.09대 1로 집계됐다.
"
 2021.11.10 16:49,[시그널] RBW·마인즈랩 나란히 공모가 상단서 확정,"
11~12일 동시 일반 청약[서울경제] 기업공개(IPO)에 나선 알비더블유(RBW)와 마인즈랩이 나란히 공모가를 희망 범위 상단에서 확정했다. RBW는 1,700대 1이 넘는 경쟁률로 수요예측에 흥행했지만 마인즈랩은 다소 낮은 경쟁률에도 공모가를 범위 최상단에서 결정하면서 청약 흥행 여부에 관심이 쏠린다.RBW는 10일 기관 대상 수요예측 경쟁률이 1,719.61대 1로 집계됐다고 밝혔다. 당초 이 회사는 공모가 범위로 1만 8,700~ 2만 1,400원을 제시했으나 수요예측 참여 기관 83% 가량이 희망 가격으로 2만 4,000원 이상을 제시하며 공모가를 희망 범위 상단(2만 1,400원)으로 결정했다.RBW는 유명 작곡가 김도훈 대표와 음악 비즈니스 전문가 김진우 대표가 2010년 설립한 종합 콘텐츠 제작 기업이다. 현재 마마무, 원어스, B1A4 등 8팀의 전속 아티스트와 약 2,500여곡의 저작권 지적재산권(IP)을 보유중이다. 단순히 연예 매니지먼트사가 아닌 콘텐츠 공급사로의 비전을 강조한 것이 통했다는 분석이 나온다.같은 날 공모가를 밝힌 마인즈랩도 공모가를 희망 범위 상단인 3만 원으로 확정했다. 다만 경쟁률은 197.55대 1로 RBW에 비해 크게 낮았다. 수요예측 참여 기관 수는 적었지만 90% 가량의 기관들이 공모가로 3만 원 이상을 제시한 점에 승부수를 건 것으로 분석된다. 한편 두 회사는 같은 날(11~12일) 일반 투자자 대상 청약에 나선다. RBW의 주관사는 미래에셋증권이며, 마인즈랩은 NH투자증권과 하나금융투자를 통해 청약이 진행된다.
"
 2021.11.10 16:38,"상장 앞둔 마인즈랩, 수요예측 경쟁률 197대1","
공모가격 3만원 확정11일 일반청약 시작이 기사는 11월 10일 16:33 “마켓인사이트”에 게재된 기사입니다.이달 상장을 앞둔 인공지능(AI) 개발업체 마인즈랩이 기관투자가 대상 수요예측에서 197 대 1의 경쟁률을 보였다. 마인즈랩은 지난 8~9일 진행한 기관 수요예측 경쟁률이 197.5 대 1을 기록했다고 10일 밝혔다. 302개 기관이 수요예측에 참여했다. 경쟁률은 비교적 낮았지만 참여 기관의 91.4%가 희망가격(2만6000~3만원) 상단 이상으로 주문을 넣었다. 일정기간 주식을 팔지 않겠다는 확약을 건 기관 비중은 12.9%였다.마인즈랩은 이 같은 수요예측 결과를 반영해 공모가격을 3만원으로 확정했다. 최종 공모가격 기준 공모 규모는 181억원, 시가총액은 1807억원이다.마인즈랩은 유태준 대표(사진)가 2014년 설립한 기업으로 초기엔 빅데이터 분석사업을 하다가 2017년부터 AI 개발사업에 뛰어들었다. 직접 개발한 40여개 AI 엔진과 응용프로그램을 통해 맞춤형 AI를 제작하고 있다. 지난 3월엔 세계 최초로 종합 AI를 갖춘 AI 인간을 개발했다. 현재 이 회사는 AI를 적용한 상담원, 돌보미, 경비원 등 AI 인간을 삼성전자, 포스코, 신한은행, 현대해상 등에 공급하고 있다. 올 상반기 매출 30억원, 영업손실 48억원을 냈다.수요예측을 마친 마인즈랩은 오는 11일부터 이틀간 일반청약을 진행한다. 모집물량은 15만1115주다. 상장 주관사인 NH투자증권과 하나금융투자를 통해 청약할 수 있다.
"
 2021.11.10 15:10,[마켓인]마인즈랩 공모가 3만원…희망범위 최상단,"
기관 수요예측 경쟁률 197.5대 111~12일 일반청약·23일 코스닥 상장[이데일리 김겨레 기자] 코스닥 시장 상장을 앞둔 인공지능(AI) 인간 개발 기업 마인즈랩이 공모가를 희망범위 최상단인 3만원으로 확정했다고 10일 밝혔다. 마인즈랩은 지난 지난 8일부터 9일까지 실시한 기관투자자 대상 수요예측 결과 197.5:1의 경쟁률을 기록했다고 밝혔다. 공모가는 희망밴드 2만6000원~3만원의 상단인 3만원으로 결정됐다. 공모 주식 수는 60만4459주로 총 181억원을 조달한다. 마인즈랩은 오는 11일과 12일 일반 공모 청약을 거쳐 23일 코스닥 시장에 상장할 예정이다. 상장 주관은 NH투자증권과 하나금융투자가 맡았다. 마인즈랩은 자체 개발한 AI 엔진 40여개와 외부 엔진까지 조합 가능한 AI 응용프로그램 인터페이스 커넥터인 ‘마음(maum) 오케스트라’ 플랫폼을 통해 고객 맞춤형 AI 고객 상담원, AI 돌보미, AI 경비원, AI 속기사 등의 인공인간을 제작, 공급한다. 거래처로 삼성전자, 포스코, 신한은행, 하나은행, 현대해상 등과 4~5년 이상 지속적 파트너십을 공고히 유지하고 있다는 설명이다. 마인즈랩의 인공인간(AI Human)은 고객의 사업에 최적화된 서비스를 제공할 수 있음은 물론 키오스크, 스마트폰, 로봇 등 다양한 디바이스와 결합할 수 있어 현실세계와 메타버스 모두 구현할 수 있다. 현재 신한은행 지점 5곳에서 인공인간 은행원이 고객과 소통하며 업무를 진행하는 디지털 데스크가 운영 중이며 향후 전국 지점으로 확대되고 타 금융기관으로도 확장될 예정이다.유태준 마인즈랩 대표는 “상장 과정에서 마인즈랩의 기술력과 성장 가능성을 높게 평가해준 기관투자자들에게 감사드리며, 코스닥 상장을 계기로 R&D 투자 확대, 인공인간 플랫폼 고도화 및 서비스 영역 확대에 사용하여 국내를 넘어 글로벌 시장에 진출할 수 있는 기반을 마련할 계획이다”고 전했다.
"
 2021.11.10 15:28,"마인즈랩, 대덕특구 ‘Space-S’ 가상공간에 인공인간 안내원 배치","
사진=‘Space-S’메타버스에 적용된 인공인간[서울경제] 인공인간 전문기업 마인즈랩이 자체 AI 기술로 구현한 인공인간(AI Human)을 메타버스에 적용한다. 마인즈랩은 오는 18일 대덕특구 ‘Space-S’ 에서 열리는 특별세미나의 메타버스 가상공간에 'AI리셉셔니스트'를 배치한다고 밝혔다.마인즈랩에 따르면 'AI리셉셔니스트'는 행사를 위해 특별히 만들어진 가상 공간 내의 로비와 세미나장 등에 배치되어 장소 안내와 세미나 행사 안내 등을 할 예정이다.연구개발특구 진흥재단이 운영하는 대덕특구 ‘Space-S’는 인공지능 창업교류 공간으로, 유망한 창업자를 육성하고 개방형 혁신문화를 만들어나가기 위해 조성된 공간이다. 이번 행사를 위해 만들어진 메타버스는 대덕특구 내 ‘Space-S’의 실제 공간을 그대로 온라인으로 옮겼을 뿐 아니라 가상의 행사장과 로비 등도 있다. 행사 참석자들은 언제 어디서든 링크를 통해  ‘Space-S’의 AI 전문작업실과 머신러닝이 가능한 서버실 등을 둘러볼 수 있다. 또한 메타버스 세미나룸에서 실시간으로 열리는 세미나 참석도 가능하다.  “AI와 메타버스가 만나다”는 주제로 온라인으로 개최되는 이 날 행사는 AI아나운서가 사회를 맡아 진행하며, 행사 취지에 맞게  AI, VR, 메타버스 등을 다루는 세미나가 열릴 예정이다. 행사 주관사인 마인즈랩은 자체 개발한 40여 개의 AI엔진을 바탕으로 다양한 직업군의 인공인간을 상용 공급하고 있다. 최근 성공적으로 AI은행원을 신한은행에 공급한 바 있으며, 여수MBC에 AI기상캐스터, 그 외에도 AI강사, AI셀러 등 사회 각 분야로 인공인간의 영역을 넓혀가고 있다.   또한 마인즈랩은 최근 메타버스 실증환경을 제작하는 올림플랫닛과 함께 메타버스를 여행하는 ‘AI여행가이드’ 도입을 추진중인 것으로 알려졌다. 코로나로 여행이 어려운 시기에 세계각국의 여행지를 메타버스 환경으로 구현하고, 이 관광지를 안내하는 가이드로 마인즈랩의 ‘AI여행가이드’를 도입한다는 것이다. 최근 페이스북은 사명을 ‘메타(Meta)’로 변경하고, 메타버스 중심 기업이 되겠다고 선언했다. 주커버그는 메타버스 커머스 시장을 활성화시켜 “가상 공간에서 사람들이 동료와 대화를 나누거나, 멀리 떨어진 지역의 친구를 만나 시간을 보내는 등의 활동이 가능하도록, 다양한 플랫폼과 기기를 출시하겠다”고 밝힌 바 있다.이처럼 메타버스 영역이 넓어지고 있는 시대에 메타버스에서 활약할 수 있는 인공인간에 대한 수요도 급격히 늘어날 것으로 전망된다. 한편, 인공인간 전문기업인 마인즈랩은 기술평가특례로 23일 코스닥 상장 예정이며, 공모주 청약은 11~12일 실시한다. 
"
 2021.11.09 15:09,"마인즈랩, AI 내세워 인공인간 시대 앞장선다…이달 코스닥 입성","
이달 11∼12일 일반 청약 실시공모 희망가 2만6000∼3만원유태준 마인즈랩 대표. /사진=마인즈랩인공지능(AI) 서비스 개발업체 마인즈랩이 이달 코스닥시장에 상장하는 가운데 향후 자사 기술이 메타버스 플랫폼에서 큰 역할을 할 것이라고 강조했다. 유태준 마인즈랩 대표는 9일 온라인으로 개최한 기업공개(IPO) 기자간담회에서 ""실사 기반으로 제작된 인공인간은 특정 산업에 제한을 두지 않고 메타버스 플랫폼에서 이뤄질 수 있는 모든 산업을 대상으로 확장이 가능하다""고 밝혔다.2014년 설립된 마인즈랩은 종합 인공지능 엔진 및 플랫폼 개발업체다. 자체 개발한 AI 엔진 40여개를 바탕으로 고객 맞춤형 인공인간 제작 플랫폼 '마음 오케스트라'를 구축했다. 삼성전자, 포스코, 신한은행, 하나은행, 현대해상 등을 고객사로 두고 있다.실제 마인즈랩은 여수 MBC에 인공인간 아나운서를 공급해 기존에 비용문제로 진행하지 못했던 날씨 방송을 연 730회 방송 중이다. 또 인공인간 은행원은 신한은행에 업계 최초로 공급돼 고객과 소통하며 은행 업무를 진행하고 있다. 이를 기반으로 신한은행의 전국 지점으로의 확산은 물론 다양한 금융기관과 타 산업까지 확대할 예정이다.마인즈랩이 지향하는 인공인간은 현실과 메타버스 모두 적용이 가능하다. 전 세계 메타버스 시장은 2025년까지 336조원에 달할 것으로 예상하며 AI 기반 로봇서비스 시장 규모는 2024년까지 약 146조원 규모로 전망된다.유 대표는 ""인공인간이 말을 할 때 얼굴의 표정과 입술 모양을 자연스럽게 만드는 립싱크 아바타 발화 기술은 글로벌 최고 수준을 자랑한다""며 ""특히 실사 기반으로 제작된 인공인간은 가상여행을 위한 여행가이드 또는 가상 부동산 투어 서비스 내에서 고객과 소통하며 정확한 정보를 전달할 수 있다"" 말했다.마인즈랩의 작년 매출액과 영업손실은 각각 113억원, 41억원이다. 회사는 지난 5월 코스닥 특례상장 기술성 평가를 각각 AA와 A를 받고 통과한데 이어 이달 말 코스닥시장에 상장한다.공모 주식은 총 60만4459주다. 공모 희망가는 2만6000∼3만원, 공모 예정 금액은 132억∼152억원이다. 이날까지 기관 투자자 수요예측을 거쳐 이달 11∼12일에 일반 청약을 받는다. 대표 주관사는 NH투자증권과 하나금융투자다.유태준 대표는 ""공모를 통해 조달한 자금은 향후 회사의 퀀텀점프(비약적 발전)를 위한 연구개발 확충과 제품 및 서비스 고도화를 위한 서버 확충 등에 사용할 계획""이라고 전했다.
"
 2021.11.09 13:56,[IPO출사표]마인즈랩 “인간과 소통 가능한 ‘인공인간’ 시대 열겠다”,"
국내 최초 인공인간 제작 플랫폼 기업40여개 AI엔진 바탕으로 다양한 직업군 개발콜센터 상담사에서 은행원, 아나운서까지마인즈랩 인공인간 메타버스도 진출△유태준 마인즈랩 대표[이데일리 박정수 기자] “마인즈랩은 인공지능(AI) 엔진을 바탕으로 직업별 인공인간(AI Human)을 만들어 공급하는 회사입니다. 시각, 언어, 사고, 음성 등을 통합한 종합적인 기능을 갖춰 상담원을 비롯해 아나운서, 은행원까지 인공인간을 만들 수 있습니다. 마인즈랩은 향후 전세계 기업과 가정에 인공인간을 보급할 것입니다.”인공인간 전문기업 마인즈랩은 9일 온라인 기자간담회를 열고 코스닥 시장 상장에 따른 향후 성장 전략과 비전을 발표했다. 마인즈랩은 지난 5월 코스닥 특례상장 기술성 평가를 각각 AA와 A를 받고 통과한데 이어 오는 11월 말 코스닥 시장에 상장한다.마인즈랩은 2014년 설립 이래 자체 개발한 ‘SotA’(State of The Art) 수준의 AI 엔진 40여 개를 바탕으로 고객 맞춤형 인공인간 제작 플랫폼을 구축한 최초 기업이다. 마인즈랩은 음성지능과 시각지능, 언어지능, 사고지능을 회사의 AI 응용프로그램 인터페이스 커넥터인 ‘마음 오케스트라(maum Orchestra)’ 플랫폼에서 통합해 AI 고객 상담원, AI 돌보미, AI 경비원, AI 속기사 등을 삼성전자, 포스코, 신한은행, 하나은행, 현대해상 등에 공급하고 있다.특히 종합 인공지능을 갖춘 세계 최초의 인공인간인 ‘M1’은 인간의 감각과 사고체계를 대신할 수 있는 시각, 청각, 언어, 사고 지능을 가지고 인간의 얼굴과 음성을 인식하고 이해할 수 있다. 유태준 마인즈랩 대표이사는 “인공인간이 말을 할 때 얼굴의 표정과 입술 모양을 자연스럽게 만드는 립싱크 아바타 발화 기술은 글로벌 최고 수준을 자랑한다”며 “고객의 사업 특성과 니즈에 맞게끔 최적화할 수 있는 플랫폼 기술 덕에 인간과 직접 소통해야 하는 다양한 직업군에 인공인간이 탄생해 공급되고 있다”고 말했다. 실제 마인즈랩은 여수 MBC에 인공인간 아나운서를 공급해 기존에 비용문제로 진행하지 못했던 날씨 방송을 연 730회 방송 중이다. 또 인공인간 은행원은 신한은행에 업계 최초로 공급돼 고객과 소통하며 은행 업무를 진행하고 있다. 이를 기반으로 신한은행의 전국 지점으로의 확산은 물론 다양한 금융기관과 타 산업까지 확대할 예정이다.마인즈랩이 지향하는 인공인간은 현실과 메타버스 모두 적용이 가능하다. 전세계 메타버스 시장은 2025년까지 336조원에 달할 것으로 예상하며 AI 기반 로봇서비스 시장 규모는 2024년까지 약146조원 규모로 전망된다. 유 대표는 “실사 기반으로 제작된 인공인간은 가상여행을 위한 여행가이드 또는 가상 부동산 투어 서비스 내에서 고객과 소통하며 정확한 정보를 전달할 수 있다”며 “특정 산업에 제한을 두지 않고 메타버스 플랫폼에서 이뤄질 수 있는 모든 산업을 대상으로 확장이 가능하다”고 설명했다. 일례로 대전의 대덕특구 SPACE-S의 경우 AI에 특화된 창업교류공간인데 가상공간을 통한 컨퍼런스 안내와 진행을 마인즈랩의 인공인간 리셉셔니스트가 진행하고 있다. 마인즈랩은 AI 단일 매출에서의 영업실적도 괄목할 성과를 보였다. 2014년 설립 후 2018년 본격적으로 플랫폼 기업으로 새롭게 출발한 마인즈랩은 각 사업분야에서 균형 잡힌 매출구조로 수익을 내고 있으며, 2023년에는 인공인간 분야 비중을 확대하며 매출액 328억원을 달성할 계획이다. 유 대표는 “축적된 AI 기술에 플랫폼 구축을 완료하며, 인공인간 제작 기업으로서 본격적인 성장을 앞두고 코스닥 상장을 맞이하게 됐다”며 “조달한 자금은 향후 회사의 퀀텀 점프를 위한 연구개발 확충과 제품 및 서비스 고도화를 위한 서버 확충 등에 사용할 계획”이라고 말했다. 그는 “인공인간이 현실과 가상공간인 메타버스 안에서 모든 가정과 기업에 공급하는 날까지 최선을 다하겠다”고 덧붙였다. 한편 마인즈랩의 총 공모주식수는 60만4459주이며, 공모 희망가 밴드는 2만6000~3만원이다. 기관 수요예측은 8~9일 양일간 진행될 예정이며, 청약은 오는 11~12일 이틀간 진행된다. 마인즈랩은의 총 상장 주식 수는 506만4283주이며, 이번 공모를 통해 132억~152억원을 조달한다. 상장 주관사는 NH투자증권과 하나금융투자다.
"
 2021.11.07 09:37,[증시캘린더]이번주(11월 2주) 마인즈랩 청약·디어유 상장 등,"
			 [이데일리 권효중 기자]이번 주에는 인공인간 전문 기업 마인즈랩, 인쇄회로기판 전문 기업 바이옵트로 등의 청약이 진행된다. 또한 지난주 수요예측을 성공리에 마무리한 디어유, 지오엘리먼트 등이 코스닥 시장에 상장할 예정이다.  다음은 이번 주(11월 8~12일) 주요 증시 일정이다.11월 8일(월)△마인즈랩 수요예측-인공인간(버추얼 휴먼) 전문 기업 마인즈랩이 코스닥 상장을 위한 수요예측 실시.-인공지능(AI) 고객 상담원, AI 돌보미, AI 경비원 등 공급하고 종합 인공지능 갖춘 세계 최초의 인공인간 개발에 성공하며 기술력 부각, 기술성 평가 ‘AA‘, ’A’등급 획득. -희망밴드 2만6000~3만원, 11월 8~9일 수요예측 후 11~12일 청약 실시. 주관사 NH투자증권 △지니너스 코스닥 상장-정밀의료 유전체 진단기업 지니너스가 코스닥 시장에 상장. -공모가 2만원, 청약 당시 경쟁률은 162.5대 1, 증거금 약 8125억원.△트윔 청약-인공지능(AI) 검사장비 전문 기업 트윔이 코스닥 상장을 위한 일반 청약 실시. 청약은 8일부터 9일까지 이틀간 진행. -머신 비전 솔루션과 딥러닝 AI 검사기 연구 개발, 반도체와 디스플레이, 2차 전지와 식음료 등 여러 산업 분야로 확대 적용 가능. -수요예측에서 공모가 2만2000원으로 확정, 주관사 대신증권. △현대홈쇼핑(057050), 현대리바트(079430) 3분기 결산실적 공시. 11월 9일(화)△바이옵트로 청약 -인쇄회로기판(PCB) 전기 검사기 장비 국산화 성공한 장비 전문 기업 바이옵트로가 코스닥 상장을 위한 일반 청약 실시. 청약은 9일부터 10일까지 이틀간 진행. -반도체 패키지, 통신, 자동차 등 다양한 산업 분야에 적용되는 PCB 제품 수출중, 3대 BBT 장비 모두 보유. -공모가 희망 밴드 7500~8500원, 총 100만주 공모, 주관사 한국투자증권. △GKL(114090) 3분기 결산실적 공시 11월 10일(수) △비트나인 코스닥 상장-그래프 데이터베이스 전문 기업 비트나인이 코스닥 시장에 상장. -공모가 1만1000원, 청약 당시 경쟁률은 590대 1, 증거금 약 1조6804억원. △디어유 코스닥 상장-글로벌 팬덤 메신저 서비스 ‘버블’을 운영하는 디어유가 코스닥 시장에 상장. -공모가 2만6000원, 청약 당시 경쟁률은 1598.15대 1, 증거금 약 17조1402억원. △카카오페이(377300), 넷마블(251270), 펄어비스(263750) 3분기 결산실적 공시△대주전자재료(078600) 임시주총회 11월 11일(목)△지오엘리먼트 코스닥 상장-박막 증착 부품용 소재 전문 기업 지오엘리먼트가 코스닥 시장에 상장.-공모가 1만원, 청약 당시 경쟁률은 1537대 1, 증거금 약 2조9730억원. △아이티아이즈 코스닥 상장-디지털 금융 플랫폼 기업 아이티아이즈가 코스닥 시장에 상장.-공모가 1만4300원, 청약 당시 경쟁률은 633.61대 1, 증거금 약 2조원. △알비더블유 청약-‘마마무’, ‘오마이걸’ 등 소속된 종합 콘텐츠 제작사 알비더블유가 코스닥 상장을 위한 청약 실시, 청약은 11일부터 12일까지 이틀간 진행. -콘텐츠 및 아티스트 제작 경험 보유, 아티스트 제작 대행(OEM) 통해 트레이닝, 프로듀싱, 앨범 프로덕션과 홍보 등 전 과정 대응 가능.-희망밴드 1만8700~2만1400원, 총 125만3000주 공모, 주관사 미래에셋증권. △마인즈랩 청약-인공인간 전문 기업, 8~9일 수요예측 후 11~12일 청약 실시. △신세계(004170), 엔씨소프트(036570), 지역난방공사(071320) 3분기 결산실적 공시11월 12일(금) △티와이홀딩스(363280), 이지케어텍(099750), 한전KPS(051600) 임시주주총회.
"
 2021.11.04 09:50,"유태준 마인즈랩 대표 ""AI로 2년 안에 기업가치 1조 만들 것""","
세계 최초 종합 인공지능 갖춘 AI휴먼 개발AI 탑재한 로봇과 메타버스에도 진출 계획이 기사는 11월 03일 08:07 “마켓인사이트”에 게재된 기사입니다.'AI(인공지능)가 발전하게 되면 인간의 일자리가 사라질까. 오히려 인간은 더 창의적인 일에 집중하고, 산과 바다로 여행을 즐기며 살 수 있지 않을까.'유태준 마인즈랩 대표(사진)는 이런 의문을 해결하기 위해 AI 서비스기업인 마인즈랩을 시작했다. 유 대표는 3일 기자와의 인터뷰에서 ""AI의 개발을 통해 인간이 보다 인간다운 삶을 살 수 있기를 바라며 마인즈랩을 설립했다""면서 이같이 말했다. 2014년 설립된 마인즈랩은 초기에는 빅데이터를 중심으로 사업을 진행했다. 4년 전부터 본격적으로 AI 개발에 들어가 지난 3월 종합 인공지능을 갖춘 세계 최초 AI인간을 개발했다.마인즈랩은 자체 개발한 40여개 AI엔진과 AI 응용프로그램 인터페이스 커넥터(API connector)인 '마음(maum) 오케스트라'로 통합해 맞춤형 AI를 개발해준다. 회사는 인간이 AI를 자연스럽게 받아들일 수 있는 가장 큰 부분인 립싱크 분야에서 글로벌 최고 수준의 자체 기술을 확보하고 있다. 현재 AI 고객 상담원, AI 돌보미, AI 경비원, AI 속기사 등 AI인간을 삼성전자, 포스코, 신한은행, 하나은행, 현대해상 등에 공급하고 있다. 유 대표는 ""기본 노동과 감정 노동은 AI와 로봇이 대체하면 인간은 AI 연구 같은 창의적인 영역에서 이전보다 1000배쯤 더 많은 일자리를 찾을 수 있다""고 강조했다.마인즈랩의 AI는 2년 전 보험회사 콜센터 고객 상담원부터 시작했다. 초반에는 간단한 보조를 맡다가 최근에는 30여분간 상담을 맡으며 실제 상담원을 대체하기 시작했다. 유 대표는 ""사람들이 퇴근하는 시간에도 응대가 가능하고, 고객 상담원의 감정 노동 스트레스를 덜어줄 수 있다""면서 ""보험 계약 성공률도 인간(40%)보다 높은 57%에 달한다""고 강조했다. 24시간 방송이 가능한 AI아나운서와 AI기상캐스터 등도 도입되고 있다. 여수MBC는 AI기상캐스터를 도입해 연간 730회 방송이 가능해졌다. KBS 라디오에서도 AI아나운서가 연간 1095건의 방송을 시도하고 있다. 유 대표는 ""이전에는 인건비와 스튜디오 제작비 등이 비싸 아예 기상방송을 시도를 못했다""면서 ""AI를 통해 비용도 10분의 1 수준으로 줄어들고, 대본만 입력하면 돼 편리해졌다""고 설명했다. 지난달 신한은행 안양평촌 남지점에 도입된 AI 은행원은 AI 기술발전의 집약체다. AI 은행원은 진짜 사람처럼 디지털 기기로 지점을 방문한 고객을 맞이하고, 원하는 업무를 안내하거나 이체 등 업무를 보도록 도와준다. 이 외에도 고령자 돌보미, 속기사 등 20여개 분야에서 AI휴먼이 활동하고 있다. 또한 유 대표는 40여개의 자체 AI 엔진을 통합하는 마음 오케스트라를 통해 향후 1가구 1AI가 보급될 수 있다고 전했다. 그는 ""마인즈랩의 립싱크 아바타 기술은 세계 최고 수준으로 올랐고, 앞으로 더 발전할 것""이라며 ""개인이 구독형으로 마음 AI에 가입하면 필요한 기능을 마음오케스트라에서 만들어 맞춤형 AI 인간을 만드는 상품도 개발 중""이라고 설명했다. 이런 다양한 확장성을 바탕으로 마인즈랩은 올해 93억원이 넘는 매출을 낼 것으로 예상되고 있다. 인공지능 분야에서 매출 100억원을 달성한 국내 유일한 회사다. 2023년에는 300억원 이상 매출을 목표로 하고 있다. 유 대표는 ""인공지능을 개발한지 4년만에 매출 100억원을 달성할만큼 빠르게 성장하고 있다""면서 ""앞으로 해외 매출 비중을 30%까지 늘리면서 더 가파른 성장세를 보일 것""이라고 강조했다. 유 대표는 상장을 통해 이런 마인즈랩의 기술을 더 고도화시킬 계획이다. 공모로 조달하는 자금 150억원(공모가 하단 기준)은 AI인간 연구개발 및 고성능 서버 확충에 사용한다. 그는 ""AI라는 사업이 시의적절하고 지금이 개발 타이밍이라 투자를 통해 개발 속도를 내고 있다""면서 ""2년 안에 기업가치 1조원의 AI 서비스 회사를 만들고자 한다""고 포부를 밝혔다. 상장 후에는 실제 세계와 메타버스 세계에서 동시에 AI 서비스를 확대할 예정이다. 유 대표는 ""실생활에서는 로봇에 AI를 넣는 것을 고려하고 있고, 가상현실에선 메타버스 플랫폼과 제휴를 통해 영역을 넓히려 하고 있다""고 전했다. 이미 AI인간이 대전 대덕특구단지 창업교류 공간인 스페이스-S의 3D가상공간에서 공간 안내를 맡고 있다. 이를 가상 모델하우스에서 AI 중개사가 안내를 해주거나, 가상 전시공간에서 상품을 소개하는 사례로 확장해나갈 계획이다. 마인즈랩은 오는 11~12일 일반 청약을 거쳐 이달 중 코스닥시장에 상장할 예정이다. 대표 주관은 NH투자증권이 맡고, 하나금융투자가 공동주관을 한다. 희망공모가액은 2만6000~3만원으로 상장 후 시가총액은 1600억~1800억원대다. 
"
 2021.10.16 19:05,"'인공인간 전문기업' 마인즈랩, 증권신고서 제출…내달 코스닥 상장","
상장 주관사에 NH투자증권·하나금융투자  [파이낸셜뉴스] 인공인간 전문기업 마인즈랩이 내달 코스닥 상장을 위한 공모절차에 돌입했다.   16일 마인즈랩은 전일 코스닥 상장을 위한 증권신고서를 금융위원회에 제출했다고 밝혔다. 마인즈랩의 상장 주관사는 NH투자증권과 하나금융투자이다.   마인즈랩의 총 공모 주식 수는 60만4459주이며, 공모 희망가 밴드는 2만6000원에서 3만원으로 공모를 통해 157억 원~181억 원 규모를 조달한다. 기관투자자를 대상으로 하는 수요예측은 11월 8~9일에, 일반 투자자 대상 공모주 청약은 11월 11~12일에 각각 실시할 예정이다.   마인즈랩 유태준 대표는 “마인즈랩은 인간이 AI를 자연스럽게 받아들일 수 있는 가장 큰 부분인 립싱크 분야에서 글로벌 최고 수준의 자체 기술을 확보했다""며 “인간처럼 말하고 행동하는 인공인간은 인간을 도와 생산성을 높일 수 있는 분야의 직업군에서 긍정적인 영향을 주며, 이번 코스닥 상장을 통해 더욱 성장해나갈 예정""이라고 언급했다.   2014년에 설립된 마인즈랩은 자체 개발한 글로벌 최고 SotA(State of The Art) 수준의 AI 엔진 40여 개를 바탕으로 코스닥 기술 특례 상장 기술성 평가에서 두 개의 평가 기관으로부터 AA와 A등급을 받았다. 마인즈랩은 음성지능과 시각지능, 언어지능, 사고지능을 회사의 AI 응용프로그램 인터페이스 커넥터(API connector)인 'maum 오케스트라'로 통합해 AI 고객 상담원, AI 돌보미, AI 경비원, AI 속기사 등을 삼성전자, 포스코, 신한은행, 하나은행, 현대해상 등에 공급하고 있다.   마인즈랩의 미래 성장 동력은 지난 3월 개발을 완료한 종합 인공지능을 갖춘 세계 최초의 인공인간이다. 인간의 감각과 사고체계를 대신할 수 있는 시각, 청각, 언어, 사고 지능을 가지고 인간의 얼굴과 음성을 인식하고 이해할 수 있다. 인공인간은 인간과 직접 소통해야 하는 다양한 직업군에 적용될 수 있으며, 현재 신한은행의 일부 지점에서 디지털 데스크를 통해 인공인간 은행원을 만나볼 수 있다.   한편, 마인즈랩은 이번 코스닥 상장을 통해 R&D 투자 확대, 인공인간 플랫폼 고도화 및 서비스 영역 확대에 사용하여 국내를 넘어 글로벌 시장에 진출할 수 있는 기반을 마련할 계획이다. #인공인간 #증권신고서 #마인즈랩 #마인즈랩상장 #인공인간은행원  
"
 2021.10.15 16:37,"[마켓인]마인즈랩, 증권신고서 제출… 11월 코스닥 상장","
인공지능(AI) 활용한 세계 최초 '인공인간' 개발종합 인공지능 갖춰 인간의 얼굴, 음성 등 인식 가능희망밴드 2만6000~3만원, 청약 11월 11~12일[이데일리 권효중 기자] 인공인간 전문기업 마인즈랩이 15일 코스닥 상장을 위한 증권신고서를 금융위원회에 제출했다고 밝혔다. 2014년에 설립된 마인즈랩은 자체 개발한 글로벌 최고 SotA(State of The Art) 수준의 인공지능(AI) 엔진 40여 개를 바탕으로 코스닥 기술 특례 상장 기술성 평가에서 두 개의 평가 기관으로부터 AA와 A등급을 받았다. 마인즈랩은 음성지능과 시각지능, 언어지능, 사고지능을 회사의 AI 응용프로그램 인터페이스 커넥터(API connector)인 ‘maum 오케스트라’로 통합해 AI 고객 상담원, AI 돌보미, AI 경비원, AI 속기사 등을 삼성전자(005930), 포스코(005490), 신한은행, 하나은행, 현대해상 등에 공급하고 있다.마인즈랩의 미래 성장 동력은 지난 3월 개발을 완료한 종합 인공지능을 갖춘 세계 최초의 인공인간이다. 인간의 감각과 사고체계를 대신할 수 있는 시각, 청각, 언어, 사고 지능을 가지고 인간의 얼굴과 음성을 인식하고 이해할 수 있다. 인공인간은 인간과 직접 소통해야 하는 다양한 직업군에 적용될 수 있으며, 현재 신한은행의 일부 지점에서 디지털 데스크를 통해 인공인간 은행원을 만나볼 수 있다.유태준 마인즈랩 대표이사는 “마인즈랩은 인간이 AI를 자연스럽게 받아들일 수 있는 가장 큰 부분인 립싱크 분야에서 글로벌 최고 수준의 자체 기술을 확보했다”라며 “인간처럼 말하고 행동하는 인공인간은 인간을 도와 생산성을 높일 수 있는 분야의 직업군에서 긍정적인 영향을 주며, 이번 코스닥 상장을 통해 더욱 성장해나갈 예정”이라고 전했다.마인즈랩은 이번 코스닥 상장을 통해 연구개발(R&D) 투자 확대, 인공인간 플랫폼 고도화 및 서비스 영역 확대에 사용하여 국내를 넘어 글로벌 시장에 진출할 수 있는 기반을 마련할 계획이다.한편 마인즈랩의 총 공모 주식 수는 60만4459주이며, 공모 희망가 밴드는 2만6000원에서 3만원이다. 이를 통해 약 157억~181억원을 조달한다. 오는 11월 8~9일 수요예측, 11~12일 청약을 실시한다. 주관사는 NH투자증권과 하나금융투자다.
"
 2021.10.08 16:45,"가상인간 전문기업 마인즈랩, 코스닥 연내 상장 '청신호'","
인공지능(AI) 가상인간(인공인간) 전문기업 마인즈랩이 코스닥 상장을 위한 상장예비심사를 통과했다고 8일 밝혔다. 주관사는 NH투자증권과 하나금융투자다. 이달 내 증권신고서를 제출하고 연내 상장을 목표로 추진한다. 2014년 설립된 마인즈랩은 음성·시각·언어(사고)·아바타 등 종합 AI 엔진을 개발하고, AI 기술 구독 플랫폼인 'maum.ai'를 운영하고 있다. 현재 40여종의 SoTA(State of The Art, 최첨단 수준) AI 알고리즘을 자체 기술력으로 상용화했다. 특히 마인즈랩은 지난 3월 사용자의 음성을 95% 이상 이해하고 0.5초 이내 분석한 뒤 응답할 수 있도록 설계된 AI 휴먼 'M1'을 공개했다. 음성·시각·언어(사고)·아바타 등 AI 관련 기술을 집대성해 탄생한 가상인간이다. 최근 메타버스(3차원 가상세계) 시장이 커지고 있는 만큼 AI 가상인간이 활용되는 분야가 점차 늘어날 전망이다. 실제로 마인즈랩의 가상인간은 여수MBC 기상캐스터와 라디오 뉴스진행자, 신한은행의 AI 은행원으로 각각 발탁됐다. 유태준 마인즈랩 대표는 ""AI 기술이 생산성을 높일 뿐만 아니라 이제는 인공인간이 많은 직업을 대체할 수 있는 시대가 왔다""며 ""이번 코스닥 상장을 통해 국내를 넘어 글로벌로 도약할 수 있는 계기를 마련하겠다""고 강조했다. [머니투데이 미디어 액셀러레이팅 플랫폼 '유니콘팩토리']
"
 2021.10.08 09:21,"[마켓인]AI 기업 마인즈랩, 코스닥 상장 예심 통과…연내 상장 목표","
			 [이데일리 김겨레 기자] 마인즈랩은 코스닥 상장을 위한 상장예비심사를 통과했다고 8일 밝혔다. 주관사는 NH투자증권과 하나금융투자로, 이달 증권신고서를 제출하고 연내 상장이 목표다. 지난 2014년에 설립한 마인즈랩은 종합 인공지능(AI) 엔진과 인공지능 플랫폼을 공급하는 종합 인공지능 회사다. 현재 40여 종의 인공지능 알고리즘을 자체 기술력으로 상용화해 보유하고 있으며, 사람의 감각과 사고체계를 대신할 수 있는 시각, 청각, 언어, 사고 지능 등 종합적인 인공지능에 대한 알고리즘을 개발했다.특히 마인즈랩은 음성지능, 시각지능, 언어지능, 사고지능을 ‘마음 오케스트라’가 통합해서 종합적인 지능을 갖도록 한 세계 최초의 인공인간인 ‘M1’을 지난 3월 개발했다. 마인즈랩의 인공인간은 사람의 외형을 지니고 타인의 얼굴과 음성을 인식하고 이해할 수 있기 때문에 상담원, 도슨트, 리셉셔니스트 등 사람과 대화해야 하는 다양한 직업군에 적용될 수 있다는 설명이다.유태준 마인즈랩 대표는 “AI 기술 도입이 생산성을 높일뿐만 아니라 이제는 인공인간이 많은 직업을 대체할 수 있는 시대가 왔다”며 “이번 코스닥 상장을 통해 국내를 넘어 글로벌로 도약할 수 있는 계기를 마련하고자 한다”고 전했다.마인즈랩은 인간을 대신할 수 있는 각종 직업별 인공인간을 개발하여 상용화했다. 대표적인 사례로는 신한은행에 공급한 인공인간 은행원이다. 아울러 정확하게 회의록을 대신 작성해주는 AI 속기사, 혼자 계신 어르신들의 위급상황을 알려줄 수 있는 AI 돌보미, 직업상담과 취업 정보 등을 알려주는 AI 직업상담사, 강의 콘텐츠로 해외진출이 가능하도록 다국어 번역 기능을 갖춘 AI 강사, 실제 방송에 출연 중이기도 한 AI 아나운서 등 다양한 인공인간을 통해 다양한 산업군에 진출하고 있다.
"
 2021.10.08 09:15,"'AI인간 개발사' 마인즈랩, 코스닥 상장예심 통과...""연내 상장 추진""","
 [파이낸셜뉴스] 인공지능(AI)휴먼 전문기업 마인즈랩은 지난 7일 한국거래소 코스닥시장본부의 상장예비심사를 통과했다고 8일 밝혔다. 마인즈랩은 이달 중 증권신고서를 제출하고 연내 상장을 목표로 기업공개(IPO)를 진행할 예정이다. 주관사는 NH투자증권과 하나금융투자가 맡았다.   지난 2014년 설립된 마인즈랩은 종합 AI 엔진 및 'maum.ai' AI 플랫폼을 공급하는 종합 AI기업이다. 현재 40여 종의 AI 알고리즘을 자체 기술력으로 상용화해 보유 중이다.   특히 회사는 지난 3월 종합 지능을 갖도록 한 인공인간(AI Human) 'M1'을 세계 최초로 개발했다. 관련해 마인즈랩은 음성지능과 시각지능, 언어지능, 사고지능을 회사의 AI 응용프로그램 인터페이스 커넥터(API connector)인 'maum 오케스트라'로 통합했다고 설명했다.   회사 측은 ""마인즈랩의 인공인간은 사람의 외형을 지니고 타인의 얼굴과 음성을 인식, 이해할 수 있기 때문에 상담원, 도슨트 등 사람과 대화해야 하는 다양한 직업군에 적용될 수 있다""고 전했다.   실제 마인즈랩은 신한은행에 인공인간 은행원을 공급하는 등 각종 직업별 인공인간을 개발해 실제 상용 및 공급 중이다. AI 속기사와 AI 돌보미, AI 직업상담사 등이 그 예다.   유태준 마인즈랩 대표이사(CEO)는 ""마인즈랩은 탄탄한 AI 기술력을 바탕으로 인공인간을 공급할 수 있는 국내 유일한 회사""라며 ""인공인간 관련 독보적인 기술력을 보유한 기업으로 이번 상장을 통해 글로벌 도약 계기를 마련하겠다""고 말했다.
"
 2021.07.05 16:45,"마인즈랩·에버스핀 등 4개사, 코스닥 상장예비심사 청구","
			 [이데일리 이은정 기자] 한국거래소 코스닥시장본부는 지난 1주간(6월28일~7월2일) 4개사 상장예비심사 청구서를 접수했다고 5일 밝혔다. 해당 업체는 마인즈랩, 엔에이치기업인수목적20호, 에버스핀, 모비젠 등이다. 마인즈랩은 소프트웨어 개발·공급업체로 지난해 매출액 112억9200만원, 영업손실 40억5200만원, 순손실 203억8600만원이다. 상장주선인은 NH투자증권, 하나금융투자다. 엔에이치기업인수목적20호의 자산총계는 100억원, 부채총계 41억5300만원, 자기자본 58억4700만원이다. 상장주선인은 NH투자증권이다. 에버스핀은 보안솔루션을 공급하며 지난해 매출액 6억200만원, 영업손실 37억3900만원, 순손실 170억2000만원을 기록했다. 상장주선인은 DB금융투자, 키움증권이다. 모비젠은 빅테이터·인공지능(AI) 플랫폼 관련 사업을 영위하는 벤처기업이다. 지난해 매출액 278억2000만원, 영업이익 8억2800만원, 순이익 9억8700만원이다. 상장주선인은 하나금융투자다.
"
 2021.06.29 15:38,"[마켓인사이트]AI업체 마인즈랩, 코스닥상장 절차 본격화","
거래소에 상장 예비심사 청구기술특례로 증시 입성 도전≪이 기사는 06월29일(15:30) 자본시장의 혜안 ‘마켓인사이트’에 게재된 기사입니다≫인공지능(AI)업체 마인즈랩이 코스닥시장 상장을 위한 본격적인 준비에 돌입한다.마인즈랩은 지난 28일 한국거래소에 코스닥시장 상장을 위한 예비심사를 청구했다. 심사과정에서 별다른 문제가 발견되지 않으면 올 하반기 증시에 입성할 전망이다. NH투자증권과 하나금융투자가 상장 주관을 맡았다.마인즈랩은 2014년 설립된 AI 기술 개발업체다. 교육, 금융, 의료, 통신 등 다양한 영역에서 빅데이터와 알고리즘 기술을 접목한 서비스를 제공하고 있다. △딥러닝(심층학습) 알고리즘을 활용한 AI 음성생성 서비스 △발음 평가와 영어 대화 엔진을 결합한 영어교육 △사고 지능 엔진을 활용한 스마트팩토리 등이 대표적이다. 이 회사는 지난해 매출 112억원, 영업손실 40억원을 기록했다.마인즈랩은 기술력이 우수하면 적자 기업에도 상장 기회를 제공하는 기술특례 제도를 활용해 코스닥시장에 진입할 계획이다. 이 회사는 지난달 2개 기관으로부터 각각 A와 AA등급을 획득해 기술특례 상장요건을 충족시켰다. 기술특례 상장을 위해서는 한국거래소가 지정한 2개 이상의 기관으로부터 모두 BBB등급 이상을 받아야 한다. 획득한 등급 중 적어도 A등급이 하나 이상은 나와야 한다.김진성 기자 jskim1028@hankyung.com
"
 2021.05.22 15:17,"효돌, 마인즈랩과 AI 시니어 돌봄서비스 강화 ‘맞손’","
디지털 소외·우울감 극복 위한 감성서비스 제공 목표시니어 돌봄 로봇 개발사 효돌은 인공지능(AI) 전문기업 마인즈랩과 'AI 시니어 돌봄 서비스' 사업 협력을 위한 업무협약을 체결했다고 22일 밝혔다. 사진은 유태준 마인즈랩 대표(사진 왼쪽), 김지희 효돌 대표. 사진제공 = 효돌[아시아경제 김희윤 기자] 시니어 돌봄 로봇 개발사 효돌은 인공지능(AI) 전문기업 마인즈랩과 'AI 시니어 돌봄 서비스' 사업 협력을 위한 업무협약을 체결했다고 22일 밝혔다.효돌에 따르면 이번 협약을 통해 효돌의 시니어 돌봄 로봇에 마인즈랩의 AI 기술을 접목해 비대면 복지 서비스를 강화해 나간다는 계획이다.효돌의 ‘부모사랑 효돌’은 국내 최초 인형 형태의 시니어 돌봄 로봇으로 ▲터치 인터랙션일상 과업 알람 ▲단체 메시지 송수신 등의 기능을 제공한다. 최근 '부모사랑 효돌'은 전국의 지자체·관공서·복지관 등을 통한 노인 가구 보급으로 호평을 받고 있다. 코로나19 장기화로 인해 비대면 복지 서비스의 필요성이 대두되면서 효율적인 독거노인을 위한 맞춤형 복지 서비스로 주목받고 있다고 효돌 측은 설명했다.이번 업무협약에 참여한 AI 기업 마인즈랩은 최근 기술특례 상장을 위한 평가 심사를 통과한 국내 대표 AI기업으로 아바타 기술, 음성인식·합성 기술, 자연어처리(NLP) 기술을 종합해 만든 인공지능 인간 M1 등을 보유하고 있다.양사는 이번 업무협약을 통해 현재 시니어 케어의 주요 서비스인 응급상황 대응, 음성비서, 주변 기기제어, 노래·교육 콘텐츠 등의 기능 향상을 추진한다는 계획이다. 아울러 효돌은 노인 세대가 생활 속에서 겪는 디지털 소외, 우울감 등을 긍정적으로 바꿀 수 있도록 아바타 서비스 및 감성 콘텐츠를 대폭 강화해 차별화된 케어를 제공할 예정이라고 덧붙였다.김지희 효돌 대표는 ""AI기업 마인즈랩과의 협약으로 코로나 시대를 살아가는 시니어들이 첨단기술에서 소외되지 않고 정서적으로 더 편안한 노후를 즐길 수 있도록 한층 세련된 돌봄 서비스를 제공하겠다""고 말했다.김희윤 기자 film4h@asiae.co.kr▶ 속 시원한 풀이! 2021년 정통사주·운세·토정비결▶ 직장인을 위한 '빅데이터 분석' 국비 특화과정 모집▶ 투자 성공의 핵심은 기업분석! 'CORE' 바로가기<ⓒ경제를 보는 눈, 세계를 보는 창 아시아경제 무단전재 배포금지>
"
 2021.10.08 09:15,"'AI인간 개발사' 마인즈랩, 코스닥 상장예심 통과...""연내 상장 추진""","
 [파이낸셜뉴스] 인공지능(AI)휴먼 전문기업 마인즈랩은 지난 7일 한국거래소 코스닥시장본부의 상장예비심사를 통과했다고 8일 밝혔다. 마인즈랩은 이달 중 증권신고서를 제출하고 연내 상장을 목표로 기업공개(IPO)를 진행할 예정이다. 주관사는 NH투자증권과 하나금융투자가 맡았다.   지난 2014년 설립된 마인즈랩은 종합 AI 엔진 및 'maum.ai' AI 플랫폼을 공급하는 종합 AI기업이다. 현재 40여 종의 AI 알고리즘을 자체 기술력으로 상용화해 보유 중이다.   특히 회사는 지난 3월 종합 지능을 갖도록 한 인공인간(AI Human) 'M1'을 세계 최초로 개발했다. 관련해 마인즈랩은 음성지능과 시각지능, 언어지능, 사고지능을 회사의 AI 응용프로그램 인터페이스 커넥터(API connector)인 'maum 오케스트라'로 통합했다고 설명했다.   회사 측은 ""마인즈랩의 인공인간은 사람의 외형을 지니고 타인의 얼굴과 음성을 인식, 이해할 수 있기 때문에 상담원, 도슨트 등 사람과 대화해야 하는 다양한 직업군에 적용될 수 있다""고 전했다.   실제 마인즈랩은 신한은행에 인공인간 은행원을 공급하는 등 각종 직업별 인공인간을 개발해 실제 상용 및 공급 중이다. AI 속기사와 AI 돌보미, AI 직업상담사 등이 그 예다.   유태준 마인즈랩 대표이사(CEO)는 ""마인즈랩은 탄탄한 AI 기술력을 바탕으로 인공인간을 공급할 수 있는 국내 유일한 회사""라며 ""인공인간 관련 독보적인 기술력을 보유한 기업으로 이번 상장을 통해 글로벌 도약 계기를 마련하겠다""고 말했다.
"
 2021.07.05 16:45,"마인즈랩·에버스핀 등 4개사, 코스닥 상장예비심사 청구","
			 [이데일리 이은정 기자] 한국거래소 코스닥시장본부는 지난 1주간(6월28일~7월2일) 4개사 상장예비심사 청구서를 접수했다고 5일 밝혔다. 해당 업체는 마인즈랩, 엔에이치기업인수목적20호, 에버스핀, 모비젠 등이다. 마인즈랩은 소프트웨어 개발·공급업체로 지난해 매출액 112억9200만원, 영업손실 40억5200만원, 순손실 203억8600만원이다. 상장주선인은 NH투자증권, 하나금융투자다. 엔에이치기업인수목적20호의 자산총계는 100억원, 부채총계 41억5300만원, 자기자본 58억4700만원이다. 상장주선인은 NH투자증권이다. 에버스핀은 보안솔루션을 공급하며 지난해 매출액 6억200만원, 영업손실 37억3900만원, 순손실 170억2000만원을 기록했다. 상장주선인은 DB금융투자, 키움증권이다. 모비젠은 빅테이터·인공지능(AI) 플랫폼 관련 사업을 영위하는 벤처기업이다. 지난해 매출액 278억2000만원, 영업이익 8억2800만원, 순이익 9억8700만원이다. 상장주선인은 하나금융투자다.
"
 2021.06.29 15:38,"[마켓인사이트]AI업체 마인즈랩, 코스닥상장 절차 본격화","
거래소에 상장 예비심사 청구기술특례로 증시 입성 도전≪이 기사는 06월29일(15:30) 자본시장의 혜안 ‘마켓인사이트’에 게재된 기사입니다≫인공지능(AI)업체 마인즈랩이 코스닥시장 상장을 위한 본격적인 준비에 돌입한다.마인즈랩은 지난 28일 한국거래소에 코스닥시장 상장을 위한 예비심사를 청구했다. 심사과정에서 별다른 문제가 발견되지 않으면 올 하반기 증시에 입성할 전망이다. NH투자증권과 하나금융투자가 상장 주관을 맡았다.마인즈랩은 2014년 설립된 AI 기술 개발업체다. 교육, 금융, 의료, 통신 등 다양한 영역에서 빅데이터와 알고리즘 기술을 접목한 서비스를 제공하고 있다. △딥러닝(심층학습) 알고리즘을 활용한 AI 음성생성 서비스 △발음 평가와 영어 대화 엔진을 결합한 영어교육 △사고 지능 엔진을 활용한 스마트팩토리 등이 대표적이다. 이 회사는 지난해 매출 112억원, 영업손실 40억원을 기록했다.마인즈랩은 기술력이 우수하면 적자 기업에도 상장 기회를 제공하는 기술특례 제도를 활용해 코스닥시장에 진입할 계획이다. 이 회사는 지난달 2개 기관으로부터 각각 A와 AA등급을 획득해 기술특례 상장요건을 충족시켰다. 기술특례 상장을 위해서는 한국거래소가 지정한 2개 이상의 기관으로부터 모두 BBB등급 이상을 받아야 한다. 획득한 등급 중 적어도 A등급이 하나 이상은 나와야 한다.김진성 기자 jskim1028@hankyung.com
"
 2021.05.22 15:17,"효돌, 마인즈랩과 AI 시니어 돌봄서비스 강화 ‘맞손’","
디지털 소외·우울감 극복 위한 감성서비스 제공 목표시니어 돌봄 로봇 개발사 효돌은 인공지능(AI) 전문기업 마인즈랩과 'AI 시니어 돌봄 서비스' 사업 협력을 위한 업무협약을 체결했다고 22일 밝혔다. 사진은 유태준 마인즈랩 대표(사진 왼쪽), 김지희 효돌 대표. 사진제공 = 효돌[아시아경제 김희윤 기자] 시니어 돌봄 로봇 개발사 효돌은 인공지능(AI) 전문기업 마인즈랩과 'AI 시니어 돌봄 서비스' 사업 협력을 위한 업무협약을 체결했다고 22일 밝혔다.효돌에 따르면 이번 협약을 통해 효돌의 시니어 돌봄 로봇에 마인즈랩의 AI 기술을 접목해 비대면 복지 서비스를 강화해 나간다는 계획이다.효돌의 ‘부모사랑 효돌’은 국내 최초 인형 형태의 시니어 돌봄 로봇으로 ▲터치 인터랙션일상 과업 알람 ▲단체 메시지 송수신 등의 기능을 제공한다. 최근 '부모사랑 효돌'은 전국의 지자체·관공서·복지관 등을 통한 노인 가구 보급으로 호평을 받고 있다. 코로나19 장기화로 인해 비대면 복지 서비스의 필요성이 대두되면서 효율적인 독거노인을 위한 맞춤형 복지 서비스로 주목받고 있다고 효돌 측은 설명했다.이번 업무협약에 참여한 AI 기업 마인즈랩은 최근 기술특례 상장을 위한 평가 심사를 통과한 국내 대표 AI기업으로 아바타 기술, 음성인식·합성 기술, 자연어처리(NLP) 기술을 종합해 만든 인공지능 인간 M1 등을 보유하고 있다.양사는 이번 업무협약을 통해 현재 시니어 케어의 주요 서비스인 응급상황 대응, 음성비서, 주변 기기제어, 노래·교육 콘텐츠 등의 기능 향상을 추진한다는 계획이다. 아울러 효돌은 노인 세대가 생활 속에서 겪는 디지털 소외, 우울감 등을 긍정적으로 바꿀 수 있도록 아바타 서비스 및 감성 콘텐츠를 대폭 강화해 차별화된 케어를 제공할 예정이라고 덧붙였다.김지희 효돌 대표는 ""AI기업 마인즈랩과의 협약으로 코로나 시대를 살아가는 시니어들이 첨단기술에서 소외되지 않고 정서적으로 더 편안한 노후를 즐길 수 있도록 한층 세련된 돌봄 서비스를 제공하겠다""고 말했다.김희윤 기자 film4h@asiae.co.kr▶ 속 시원한 풀이! 2021년 정통사주·운세·토정비결▶ 직장인을 위한 '빅데이터 분석' 국비 특화과정 모집▶ 투자 성공의 핵심은 기업분석! 'CORE' 바로가기<ⓒ경제를 보는 눈, 세계를 보는 창 아시아경제 무단전재 배포금지>
"
 2021.05.12 13:40,"마인즈랩, 코스닥 간다… 기술성평가 AA로 통과","
왼쪽부터 마인즈랩 CVO 유태준, CEO 최홍섭인공지능(AI) 전문기업 (주)마인즈랩은 코스닥 기술특례 상장을 위한 기술성평가에서 각각 AA와 A등급을 획득해, 심사를 통과했다고 11일 밝혔다. 이번 결과를 기반으로 코스닥 상장 절차에 속도를 낼 계획이다.   기술특례 상장을 위해서는 한국거래소가 지정한 기술평가기관 2곳에서 모두 BBB등급 이상을 받고, 적어도 한 곳에서는 A등급 이상을 받아야 한다. 마인즈랩은 나이스신용평가와 이크레더블 두 기관이 진행한 기술성평가에서 각각 A와 AA 등급을 획득해, 높은 인공지능 기술력을 입증했다. 이는 기술특례 상장을 추진한 회사들이 받은 점수 중 최고의 점수이다.   관계자에 따르면 “20년 업력을 가진 회사들이 받은 점수를 설립 6년을 갓 넘긴 마인즈랩이 받았다”며 “이는 최근 마인즈랩이 상용화한 'AI 휴먼'의 기술력 등을 높이 평가한 것”이라는 반응이다. 이번 결과를 기반으로 가까운 시일 내 코스닥 상장을 위한 예비심사 청구서를 제출할 예정이다.   최고 수준의 인공지능 기술 보유 기업인 마인즈랩은 올해 설립 7년차로 인공지능 B2B 플랫폼 분야에서 독보적인 영역을 구축하고 있다.   최근 자체 개발한 AI휴먼인 'M1'을 공개한 데 이어 지난 3일 이를 사고 팔 수 있는 온라인 스토어를 오픈했다.   'M1'은 마인즈랩이 그동안 개발했던 아바타 기술, 음성인식·합성 기술, 자연어처리(NLP)기술을 종합해 만들어진 인공지능 인간이다. 사람의 얼굴과 목소리를 그대로 재현하여 온라인상에서 인간을 대신해 텔레마케터, 큐레이터, 리셉셔니스트 등 다양한 직업을 수행할 수 있을 예정이다.   AI휴먼스토어는 인공지능 아바타의 수요자와 공급자가 만나는 플랫폼으로, 이를 통해 공급자는 자신의 AI휴먼을 만들어 팔 수 있고, 수요자는 만들어진 AI휴먼을 소프트웨어 라이선스 형식으로 구매할 수 있다.    ▶ 날로먹고 구워먹는 금융이슈 [파인애플]▶ 모(毛)아 모아 [모아시스]▶ 헉! 소리나는 스!토리 뉴스 [헉스]  ※ 저작권자 ⓒ 파이낸셜뉴스. 무단 전재-재배포 금지
"
 2021.05.12 09:59,"[마켓인사이트]마인즈랩 “코스닥 기술특례 상장 위한 기술성 평가, A·AA 받아 통과”","
코스닥 상장 위한 예비심사 청구 제출 예정  ≪이 기사는 05월11일(14:33) 자본시장의 혜안 ‘마켓인사이트’에 게재된 기사입니다≫인공지능(AI) 전문 기업인 마인즈랩이 코스닥 기술특례 상장을 위한 기술성 평가에서 AA와 A등급을 받았다. 11일 IB(투자은행)업계에 따르면 마인즈랩이 나이스신용평가와 이크레더블에서 진행한 기술성 평가에서 각각 A와 AA등급을 획득했다. 코스닥 기술특례 상장을 하기 위해서는 한국거래소가 지정한 2개의 기술평가 기관에서 모두 BBB등급 이상을 받고, 적어도 한 곳에서는 A 등급 이상을 받아야 한다. 마인즈랩은 이번 결과를 기반으로 가까운 시일 내 코스닥 상장을 위한 예비심사 청구서를 제출할 예정이다.윤아영 기자 youngmoney@hankyung.com ▶ 경제지 네이버 구독 첫 400만, 한국경제 받아보세요▶ 한경 고품격 뉴스레터, 원클릭으로 구독하세요▶ 한국경제신문과 WSJ, 모바일한경으로 보세요 ⓒ 한국경제 & hankyung.com, 무단전재 및 재배포 금지
"
 2021.04.15 16:33,"마인즈랩, 음성 AI 고난도 기술 '화자분리' 성과","
			 [머니투데이 최태범 기자] 인공지능(AI) 전문기업 마인즈랩이 AI 청각지능 분야에서 난이도가 높은 기술로 평가되는 ‘화자분리’ 연구 성과를 공유했다. 15일 마인즈랩에 따르면 지난 13일 한국전자통신연구원(ETRI)이 주최한 ‘ETRI-마인즈랩 기술교류 세미나’에서 마인즈랩은 사람의 음성 샘플이 없어도 두 사람의 발화를 분리하는 ‘Sampleless Speech Separation’ 기술을 소개했다. 세미나에 참석한 ETRI 연구원들은 마인즈랩의 기술력에 큰 호응을 보냈다. ETRI 측은 최신 종단형 음성인식 엔진 기술 개발의 성과에 대해 발표하며 서로의 노하우를 공유했다.마인즈랩은 설립 초기에는 자연어 처리와 음성인식 등 ETRI로부터 이전받은 기술을 사용했다. 이후 자체적인 AI 연구조직에 꾸준히 투자해 이전받은 기술 이상의 자체 기술을 보유하게 됐다. 기술개발을 총괄하는 최홍섭 대표는 “기술이전을 받은 연구소기업이 바람직한 방향으로 성장한 모범적 사례”라며 “이번 세미나는 자체 역량이 성숙해 AI 연구개발 파트너로서 학술적인 교류를 할 수 있게 됐다는 점에 상징적 의미가 있다”고 했다. 한편 마인즈랩은 맞춤형 AI 서비스를 제공하는 마음클라우드를 중심으로 AI 컨택센터, 스마트시티, 회의록 등 기업·공공기관 대상으로 다양한 사업을 진행하고 있다. 최근에는 음성·시각·언어(사고)·아바타 등 AI 관련 기술을 집대성한 AI 휴먼 ‘M1’을 공개했다. 사용자의 음성을 95% 이상 이해하고 0.5초 이내 분석한 뒤 응답할 수 있도록 설계됐다. 비목적성(일상적) 대화뿐만 아니라 음식주문·뉴스검색을 비롯해 전문적인 지식·정보전달 등 목적성 대화도 90% 이상 가능하다. 3D 아바타의 시선 처리, 얼굴 각도, 입 꼬리 변화 등을 통해 사용자에게 실제 사람과 대화하는 듯한 경험을 줄 수 있다. 최태범 기자 bum_t@mt.co.kr▶부동산 투자는 [부릿지]▶주식 투자는 [부꾸미TALK]▶부자되는 뉴스, 머니투데이 구독하기 <저작권자 ⓒ '돈이 보이는 리얼타임 뉴스' 머니투데이, 무단전재 및 재배포 금지>
"
 2021.03.26 15:28,보고 듣고 말하는 마인즈랩 가상인간 'M1' 공개...음성 95% 이상 이해,"
(사진) 마인즈랩의 AI휴먼 'M1'25일 인공지능 전문기업 마인즈랩(대표이사 유태준)이 온라인 콘퍼런스를 통해 종합지능 가상 인간인 AI 휴먼, ‘M1'을 공개했다.   대덕 특구 SPACE-S 공간에서 열린 웨비나에서 최초로 공개된 'M1'은 사람의 외형을 갖추고 있으며, 사람의 말을 알아듣고, 눈으로 본 것을 이해하며, 음성으로 대화까지 가능하다.   이날 ‘AI 시대를 이끌어 갈 주인공들의 이야기’ 콘퍼런스에서 AI 휴먼, 'M1'은 다양한 질문에 곧바로 답하여 참석자들의 놀라움을 자아냈다. 특히 'M1'이 사람의 말을 듣고, 이해하여 발화하는 전 과정이 실시간 모니터를 통해 공개되어 마인즈랩의 종합적인 AI기술에 대한 신뢰를 더했다. 마인즈랩 측은 'M1'이 사용자의 음성을 95% 이상 이해하고 0.5초 이내 분석한 뒤 응답할 수 있도록 설계됐다고 소개했다.   마인즈랩 유태준 대표(CVO)는 'M1’이 “AI 아바타, 음성지능, 시각지능, 언어 및 사고지능의 총 집합체로 리셉셔니스트, 상담사, 아나운서 등 인간을 대신해서 다양하게 활용될 수 있다”고 강조했다.   마인즈랩은 앞으로 'M1' 과 같은 AI 휴먼이 필요한 기업들이 적합한 AI휴먼을 찾을 수 있도록 거래 플랫폼을 제공할 예정이다. 또 자신의 AI휴먼을 만들고자 하는 공급자는 인간제작소에서 자신의 AI휴먼을 만들 수도 있다. 가령 어떤 아나운서가 자신의 AI휴먼을 만들고 이를 마인즈랩 플랫폼을 통해 방송사 등 고객사에 제공하여 수익을 올릴 수 있다.   유 대표는 “상당한 비용과 노력이 소요되는 기존 방식과 달리 모듈화된 각 지능을 AI 빌더를 통해 자유롭게 조합할 수 있도록 했기 때문에 웹과 앱은 물론 키오스크·로봇 등에 손쉽게 임베딩(이식)해서 사용할 수 있다”라고 강조했다.   한편 마인즈랩에서 기술개발과 사업화를 총괄하고 있는 최홍섭 대표(CEO)는 마인즈랩과 현재까지 진행된 AI 협업 모델의 사례를 공유하고 대덕 특구에서의 에코마인즈 협력 가능성을 밝혔다.    (사진) 마인즈랩 최홍섭 대표에코마인즈 프로그램은 대덕 특구 SPACE-S 입주기업 및 회원사, AI 관련 스타트업을 대상으로 AI를 각자의 비즈니스에 적용하고자 하는 스타트업을 대상으로 사업적·기술적·재무적으로 지원할 예정이다.  ▶ 헉! 소리나는 스!토리 뉴스 [헉스]▶ '아는 척'하고 싶은 당신을 위한 [두유노우]▶ 날로먹고 구워먹는 금융이슈 [파인애플]  ※ 저작권자 ⓒ 파이낸셜뉴스. 무단 전재-재배포 금지
"
 2021.03.25 15:48,"마인즈랩, 종합지능 가상인간 M1 선보여···사람 말 알아듣고 답변 척척","
(사진) 마인즈랩 유태준 대표[서울경제] “이순신 장군 생일은?”“1545년 4월 28일”화면 속의 가상인간 'M1'이 대답을 하자 모니터를 지켜보던 콘퍼런스 참석자들 사이에 박수가 터졌다. 인공지능 전문기업 마인즈랩(대표이사 유태준)이 최신 AI 기술들을 총망라한 종합지능 가상 인간인 AI 휴먼, ‘M1'을 대덕 특구 ‘SPACE-S’에서 온라인 콘퍼런스를 통해 선보였다.(사진) 마인즈랩의 AI휴먼 'M1'오늘 공개된 AI 휴먼, 'M1'은 유 대표의 질문에 곧바로 답하여 참석자들의 놀라움을 자아냈다.  특히 'M1'이 사람의 말을 듣고, 이해하여 발화하는 전 과정이 실시간 모니터를 통해 공개되어 마인즈랩의 종합적인 AI기술에 대한 신뢰를 더했다. 'M1'은 마인즈랩의 인공지능 아바타·음성·시각·언어 기술의 총 집합체로 사람의 외형을 갖추고 있으며, 사람의 말을 알아듣고, 눈으로 본 것을 이해하며, 음성으로 대화까지 가능하므로 회사 소개, 리셉션, 전시관 도슨트 안내 등 ‘메타버스’ 어디에서나 활용할 수 있다.오늘 치뤄진 ‘에코마인즈데이’ 행사에서는 마인즈랩 유태준 대표이사가 기조연설에 나서 'M1' 소개와 더불어 100프로 자체 기술로 상용화에 성공한 글로벌 최고 수준(SotA, State-of-the-Art)의 딥러닝 기반 인공지능 최신 기술들과 스타트업들의 성공을 돕는 구독형 인공지능 서비스 플랫폼 마음AI에 대해 설명했다. 또한 마인즈랩 최홍섭 CEO는 'AI 생태계, 에코마인즈 프로그램 소개' 라는 주제로 인공지능을 비즈니스에 적용한 기업이 인공지능 협업 모델을 구축한 사례들을 공유했다. 2부 행사에서는 마인즈랩 노철균 부사장이 에코마인즈 프로그램을 통한 대덕특구 SPACE-S 입주기업 및 회원사, AI 도입을 원하는 스타트업을 위한 구체적인 지원 내용을 밝혔다. SPACE-S 입주사인 ‘인공지능 팩토리’ 김태영 대표는 '인공지능 경진대회 및 데이터 톤을 위한 공개플랫폼'이라는 주제 발표를 통해 에코마인즈 프로그램의 성과를 공유했다.이번 행사를 주관한 마인즈랩의 유태준 대표이사는 “AI 기술 도입을 고민하는 스타트업 및 예비 창업자들에게 마인즈랩의 최신 AI 기술을 통해 도움을 주고 싶다”며, “대덕특구 내 스페이스S 공간 안에서 대전 지역의 AI 생태계를 조성하고, 창업교류공간 운영을 통해 스타트업 발굴 및 지원을 아끼지 않을 것”이라고 밝혔다.  한편, 마인즈랩은 ‘마음까지 생각하는 AI’를 표방하는 인공지능 플랫폼 ‘마음 AI’를 서비스하고 있으며, 스타트업들이 자체적인 기술이 없어도 마음AI를 통해 인공지능을 도입할 수 있도록 유기적인 협력 관계를 맺는 에코마인즈 프로그램을 운영하고 있다. 에코마인즈 회원사가 되면 ▲AI 기술지원 ▲AI 도입 컨설팅 지원 ▲백오피스 지원 ▲공유 오피스 지원 ▲세일즈 및 마케팅 지원 ▲투자 유치 등 파격적인 혜택을 누릴 수 있다. /김동호 기자 dongho@sedaily.com▶ 상위 1% 투자자 픽! [주식 초고수는 지금]▶ 지피지기 대륙 투자 공략법[니하오 중국증시]▶ 네이버 채널에서 '서울경제' 구독해주세요!저작권자 ⓒ 서울경제, 무단 전재 및 재배포 금지
"
 2021.02.07 12:00,"금융위, 핀테크 '마인즈랩' 지정대리인 재지정","
""지정대리인 제도 통해 금융회사와 협업…혁신적 금융서비스 제공""[아시아경제 박선미 기자] 핀테크기업 마인즈랩이 5일 금융위원회로부터 '지정대리인'으로 재지정됐다. 7일 금융위원회는 지난 5일 제7차 지정대리인 심사위원회를 개최해 핀테크기업 마인즈랩을 지정대리인으로 지정했다고 밝혔다. 지정대리인은 핀테크기업이 개발한 혁신적인 금융서비스를 금융회사와 함께 시범운영(테스트)할 수 있는 제도다.마인즈랩은 2019년 3월 한 차례 지정대리인에 선정됐지만 기존 서비스를 확대 제공하기 위해 신규로 지정대리인 지정을 신청했고, 이번에 제7차 지정대리인 심사위원회 심사를 거쳐 재지정됐다.지정대리인 지정 내용은 'AI 음성봇을 통한 보험계약대출 서비스' 이다. 인공지능(AI) 음성봇을 통해 보험계약대출 신청·접수부터 심사·실행까지 원스탑으로 처리하는 서비스다. AI의 대화기능(음성인식 및 음성생성)을 통해 대출업무 처리를 자동화시킴으로써 업무 효율이 크게 향상되고 상담원이 직접 업무를 처리하면서 발생하는 비용도 줄어든다. 서비스 제공의 물리적·시간적 제한을 극복할 수 있게 돼 서비스 수준의 향상이 가능해진다.한편 금융위는 2018년 5월 지정대리인 제도를 시행한 이후 총 7차례에 걸쳐 34건의 지정대리인을 지정하고 현재까지 총 18건의 업무위수탁계약을 체결했다. 오는 15일부터 4월30일까지 제8차 지정대리인 신청을 접수받아 7월 중 심사를 진행할 계획이다.박선미 기자 psm82@asiae.co.kr▶ 2021년 신축년(辛丑年) 신년운세와 토정비결은?▶ 발 빠른 최신 뉴스, 네이버 메인에서 바로 보기▶ 100% 무료취업교육 핀테크/AI 훈련정보 보기<ⓒ경제를 보는 눈, 세계를 보는 창 아시아경제 무단전재 배포금지>
"
